officename,officescode
양성분기국사(안성),R05714
노곡분기국사(안성),R05715
일죽분기국사(안성),R05718
방초분기국사(안성),R05719
첨단국사,R02887
여량분기국사(정선),R06068
죽산분기국사(안성),R05720
당목분기국사(안성),R05721
삼죽분기국사(안성),R05722
낙월분기국사,R06709
안마분기국사,R06710
충도분기국사,R06730
월진분기국사(하동),R07572
미사분기국사(하남),R08493
성은분기국사(평택),R05716
원곡분기국사(평택),R05717
매송분기국사(서수원),R05740
원리분기국사(서수원),R05741
비봉분기국사(남양),R05742
자안분기국사(남양),R05743
고정분기국사(남양),R05745
마전분기국사(안성),R05723
금계분기국사(가경),F01308
속리분기국사(보은),F01313
삼가분기국사(보은),F01314
외속리분기국사(보은),F01315
마로분기국사(보은),F01316
세중분기국사(보은),F01317
탄부분기국사(보은),F01318
원남분기국사(보은),F01319
구절분기국사(정선),R06069
숙암분기국사(정선),R06070
도전분기국사(정선),R06071
임계분기국사(정선),R06072
동점분기국사(화광),R05934
철암분기국사(화광),R05935
소도분기국사(태백),R05936
어룡분기국사(태백),R05937
연화분기국사(태백),R05938
상사미분기국사(태백),R05940
고사분기국사(도계),R05943
점리분기국사(도계),R05944
경동분기국사(도계),R05945
덕우분기국사(정선),R06057
용탄분기국사(정선),R06058
광하분기국사(정선),R06059
고한분기국사(사음),R06060
화암분기국사(정선),R06063
풍촌분기국사(정선),R06064
백전분기국사(사음),R06065
남면분기국사(사음),R06066
증산분기국사(사음),R06067
골지분기국사(정선),R06073
반천분기국사(정선),R06074
고전분기국사(하동),R07573
신흥분기국사(제주남원),R07682
신산분기국사(성산포),R07683
서광분기국사(모슬포),R07684
성읍분기국사(표선),R07685
와산분기국사(성산포),R08311
묘산분기국사(합천),R07637
매안분기국사(합천),R07638
황산분기국사(합천),R07639
해인사분기국사(합천),R07640
야로분기국사(합천),R07641
와리분기국사(합천),R07642
화봉분기국사(신태인),R06203
유정분기국사(신태인),R06204
함열국사,R03388
모슬포국사,R03791
망성분기국사(함열),R06179
동촌분기국사(함열),R06180
여산분기국사(부송),R06181
금마분기국사(부송),R06182
남해국사,R01153
거창국사,R01202
양평국사,R00755
익산국사,R03186
부송국사,R03200
동마산국사,R00981
강북국사,R00430
사후도분기국사,R06733
고마도분기국사,R06735
횡간도분기국사(완도),R06742
포항포스코타운지점,R08441
광양포스코타운지점,R08442
Null Data,------
혜화IDC,902
대방IDC,914
청계분기국사(오산),R05761
전곡분기국사(남양),R05747
서신분기국사(남양),R05748
율정분기국사(동두천),R05764
상걸분기국사(춘천),R05862
과천국사,R00457
성남분기국사(익산),R06178
인천공항국사,R04003
월곡국사,R00419
하양국사,R01965
중앙통신운용국3,20910A
중앙통신운용국1,20910B
모라분기국사(북부산),R00959
봉명분기국사(남춘천),R05863
군자분기국사(남춘천),R05864
가정분기국사(남춘천),R05865
중앙통신운용국4,20910C
중앙통신운용국2,20910D
중앙통신운용국5,20910E
(구)중앙집중국,A00411
(구)광화문집중국,A00412
(구)신촌집중국,A00420
만세분기국사(포천),R05805
상시분기국사(서강릉),R05909
경포분기국사(서강릉),R05910
금산분기국사(서강릉),R05911
보광분기국사(서강릉),R05912
구산분기국사(서강릉),R05913
왕산분기국사(서강릉),R05914
고단분기국사(서강릉),R05915
대기분기국사(서강릉),R05916
구정분기국사(서강릉),R05917
학산분기국사(서강릉),R05918
흥양분기국사(원주),R05888
학곡분기국사(원주),R05889
중방분기국사(원주),R05890
만종분기국사(원주),R05891
고산분기국사(원주),R05892
산현분기국사(원주),R05893
작동분기국사(원주),R05894
지정분기국사(원주),R05895
판대분기국사(원주),R05896
신평분기국사(원주),R05897
송호분기국사(원주),R05898
진안국사,R03386
아현국사,R00421
신사국사,R00448
연천국사,R00926
덕소국사,R00577
여천국사,R02897
남대전국사,R02123
(구)동작집중국,A00424
예내분기국사(고흥),R07688
비금분기국사(양을산),R07690
팔금분기국사(양을산),R07691
암태분기국사(양을산),R07692
숭의국사,R00480
용담분기국사(진안),R07827
둔산국사,R02127
중앙국사,R00411
함구미분기국사(동여수),R07687
고삼분기국사(안성),R05724
용남분기국사(통영),R07390
원산분기국사(통영),R07393
법송분기국사(통영),R07394
노산분기국사(통영),R07395
금일분기국사(완도),R07689
고성국사,R01131
음성국사,R02494
죽림분기국사(통영),R07396
삼흥분기국사(안성),R05707
구수분기국사(안성),R05711
진현분기국사(안성),R05712
영주국사,R01669
창녕국사,R01272
내동분기국사(안성),R05713
월항분기국사(성주),R07239
용사분기국사(성주),R07240
구조라분기국사(장승포),R07462
지세포분기국사(장승포),R07464
동부분기국사(거제),R07465
율포분기국사(거제),R07466
학동분기국사(거제),R07467
환곡분기국사(창녕),R07518
남지분기국사(영산),R07519
성사분기국사(영산),R07520
노은R2분기국사(유성),R07695
토산분기국사(표선),R07686
발산분기국사(남춘천),R05866
금산분기국사(춘천),R05867
고곡분기국사(영산),R07521
장마분기국사(영산),R07532
길곡분기국사(영산),R07533
화성분기국사(청양),F01615
신매분기국사(춘천),R05868
덕두원분기국사(춘천),R05869
가상국사2,S00002
북부천국사,R00602
경남집중국,A61848
오식도분기국사(서군산),R07811
경기중앙국사,R00536
후포국사,R02077
안양국사,R00919
제주남원국사,R03788
부곡분기국사(영산),R07534
학포분기국사(영산),R07535
여양분기국사(진북),R07358
사량분기국사(통영),R07406
사천국사,R01260
읍덕분기국사(통영),R07407
비봉분기국사(청양),F01616
용당분기국사(청양),F01617
화개분기국사(하동),R07567
신흥분기국사(하동),R07568
악양분기국사(하동),R07569
적량분기국사(하동),R07570
안의분기국사(함양),R07604
중동분기국사(함양),R07605
적성분기국사(단양),F01412
경북집중국,A61849
김포국사,R00897
동대전국사,R02114
서대전국사,R02120
신평분기국사(달성),R05529
구지분기국사(달성),R05530
오설분기국사(달성),R05532
삼남분기국사(언양),R05608
조일분기국사(언양),R05609
사촌분기국사(언양),R05610
오목분기국사(서수원),R05611
지제분기국사(평택),R05617
두항분기국사(단양),F01413
가산분기국사(단양),F01414
세종국사,R02238
강경국사,R02386
해운대국사,R01126
고덕국사,R00446
동부천국사,R00520
본촌국사,R02606
군위국사,R02086
상원분기국사(함양),R07606
서하분기국사(함양),R07607
서상분기국사(함양),R07608
백전분기국사(함양),R07609
운산분기국사(함양),R07610
병곡분기국사(함양),R07611
주상분기국사(거창),R07612
신촌분기국사(거창),R07613
웅양분기국사(거창),R07614
봉계분기국사(거창),R07615
중동국사,R00921
월배국사,R01463
경기광주국사,R00880
송탄국사,R00608
마포IDC,903
고제분기국사(거창),R07616
장호원국사,R00936
한림국사,R03799
태백국사,R03672
본정분기국사(평택),R05618
마옥분기국사(횡성),R05991
추동분기국사(횡성),R05992
정금분기국사(횡성),R05993
흥월분기국사(영월),R06019
상동분기국사(신동),R06020
내덕분기국사(신동),R06021
녹전분기국사(신동),R06022
가상국사4,S00004
가상국사8,S00008
성주국사,R02038
춘천IDC,908
정족분기국사(부송),R06168
모란국사,R00527
서군산국사,R03204
이천국사,R00665
서울안내국,2456
웅포분기국사(함열),R06175
전북안내국,6723
경기안내국,206026
상하분기국사(고창),R06344
대산분기국사(남원),R06224
사매분기국사(남원),R06225
덕과분기국사(남원),R06226
보절분기국사(남원),R06227
한계분기국사(인제),R06117
(구)평택집중국,A00547
용안분기국사(함열),R06176
만석분기국사(익산),R06169
용대분기국사(인제),R06118
진동분기국사(인제),R06120
방동분기국사(인제),R06121
서화분기국사(인제),R06122
조전분기국사(영월),R06031
연당분기국사(영월),R06032
토교분기국사(영월),R06033
신천분기국사(영월),R06034
쌍용분기국사(영월),R06035
산동분기국사(남원),R06228
이백분기국사(남원),R06229
아영분기국사(남원),R06230
주천분기국사(진안),R06280
무릉분기국사(진안),R06281
내도분기국사(무주),R06282
용포분기국사(무주),R06283
무풍분기국사(무주),R06284
신석분기국사(익산),R06170
황등분기국사(익산),R06171
용산분기국사(익산),R06172
함라분기국사(익산),R06173
신등분기국사(익산),R06174
가상국사6,S00006
해미국사,R02216
고흥국사,R02751
미성분기국사(서군산),R06156
상평분기국사(서군산),R06157
옥산분기국사(서군산),R06158
임피분기국사(동군산),R06159
관원분기국사(동군산),R06160
광산분기국사(동군산),R06161
원동분기국사(팔복),R06153
남계분기국사(팔복),R06154
성산분기국사(동군산),R06162
원장분기국사(동군산),R06163
나포분기국사(동군산),R06164
개야도분기국사(서군산),R06165
어청도분기국사(서군산),R06166
선유도분기국사(서군산),R06167
부산망운용국,R08026
부산강서국사,R01424
애월국사,R03795
능곡국사,R00594
강원고성국사,R03762
서울산국사,R01118
청양국사,R02304
조암국사,R00821
임실국사,R03336
경산국사,R01740
부안국사,R03317
강현분기국사(양양),R06146
적은분기국사(양양),R06147
구로국사,R00437
장암분기국사(순창),R06336
고수분기국사(고창),R06337
삼송국사,R03824
청룡국사,R00953
구포국사,R01124
신탄진국사,R02363
해남국사,R03065
완도국사,R02956
정선국사,R03569
파주국사,R00908
관악국사,R00433
온산국사,R01445
성환국사,R02384
공릉국사,R00450
동대문국사,R00415
안성국사,R00645
동수원국사,R00466
청도국사,R01862
전곡국사,R00829
상서분기국사(화천),R06095
부천국사,R00519
동광주국사,R02592
여의도국사,R00447
석수국사,R00522
강서국사,R00435
상당국사,R02586
전남집중국,A61850
영덕국사,R01880
함안국사,R01403
언양국사,R01432
봉오분기국사(화천),R06096
회곡분기국사(청평),R05818
다목분기국사(화천),R06097
사내분기국사(화천),R06098
광덕분기국사(화천),R06099
명월분기국사(화천),R06100
웅진분기국사(양구),R06101
칠전분기국사(남춘천),R05856
천전분기국사(춘천),R05857
산천분기국사(춘천),R05858
동면분기국사(춘천),R05860
지내분기국사(춘천),R05861
고령국사,R01827
가경국사,R02471
증평국사,R02580
수산국사,R01198
용산2분기국사(춘천),R05859
지족국사,R01163
삼천포국사,R01173
울산성남국사,R01023
구미공단국사,R01636
표선국사,R03817
칠원국사,R01413
충북영동국사,R02475
밀양국사,R01178
문경국사,R01782
안계국사,R01951
울진국사,R02061
사하국사,R01121
사이버국사,R04016
강화국사,R00843
영양국사,R02018
북대구국사,R01475
서강릉국사,R03501
서부산국사,R00945
왕암분기국사(제천),R05006
전략분기국사,R05933
백산분기국사(태백),R05939
하장분기국사(태백),R05954
일광국사,R01455
양지분기국사(통영),R07408
저구분기국사(거제),R07468
(구)구리집중국,A00567
대강분기국사(남원),R06223
송파국사,R00443
산달도분기국사(거제),R07469
동상분기국사(거제),R07470
개곡분기국사(가평),R05815
난화분기국사(여천),R06392
신풍분기국사(여천),R06393
소양분기국사(동전주),R06256
갈전분기국사(태백),R05955
역둔분기국사(태백),R05956
신기분기국사(도계),R05962
임원분기국사(삼척),R05947
이천분기국사(삼척),R05948
호산분기국사(삼척),R05949
산양분기국사(삼척),R05950
근덕분기국사(삼척),R05951
양지분기국사(삼척),R05952
장호분기국사(삼척),R05953
화심분기국사(동전주),R06257
구이분기국사(남전주),R06258
항가분기국사(남전주),R06259
남수원국사,R00476
오안분기국사(홍천),R05963
삼마치분기국사(홍천),R05964
성산분기국사(홍천),R05965
송정분기국사(홍천),R05966
군업분기국사(홍천),R05967
풍천분기국사(홍천),R05968
철정분기국사(홍천),R05969
신촌국사,R00420
반송국사,R01120
도계국사,R03686
둔덕분기국사(거제),R07471
사곡분기국사(거제),R07472
성포분기국사(거제),R07473
덕호분기국사(거제),R07474
가조분기국사(거제),R07475
한내분기국사(거제),R07476
연초분기국사(거제),R07477
하청분기국사(거제),R07478
칠천도분기국사(거제),R07479
외포분기국사(거제),R07482
대합분기국사(창녕),R07526
동안양국사,R00523
우곡분기국사(밀양),R07440
행곡분기국사(밀양),R07441
임천분기국사(밀양),R07442
연무국사,R02387
명례분기국사(수산),R07443
월산분기국사(밀양),R07444
공주국사,R02153
신제주국사,R03775
금산국사,R02333
금산분기국사(밀양),R07445
산외분기국사(밀양),R07446
속초국사,R03515
서면국사,R00948
인제국사,R03608
제천국사,R02442
기회분기국사(밀양),R07447
송백분기국사(밀양),R07448
남명분기국사(밀양),R07449
법흥분기국사(밀양),R07450
무릉분기국사(밀양),R07451
단장분기국사(밀양),R07452
예림분기국사(밀양),R07453
평촌분기국사(밀양),R07454
원포분기국사(여천),R06396
우학리분기국사(동여수),R06397
두모분기국사(동여수),R06398
안도분기국사(동여수),R06399
광의분기국사(구례),R06504
원촌분기국사(구례),R06505
평산분기국사(구례),R06506
관산분기국사(구례),R06507
송지분기국사(해남),R06620
송호분기국사(해남),R06622
통호분기국사(해남),R06623
남전분기국사(수산),R07455
죽월분기국사(밀양),R07458
대본분기국사(경주),R06840
감포분기국사(경주),R06841
사방분기국사(안강),R06842
노당분기국사(안강),R06843
옥산분기국사(안강),R06844
강교분기국사(안강),R06845
상왕등도분기국사,R06376
고하분기국사,R06377
국송도분기국사,R06383
대두라분기국사,R06401
횡간분기국사,R06402
제도분기국사,R06406
적금도분기국사,R06408
대여자분기국사,R06409
손죽도분기국사,R06412
모화분기국사(경주),R06846
(구)안산집중국,A00580
안중국사,R00553
연안분기국사(경주),R06847
대현분기국사(건천),R06861
평택국사,R00547
중말분기국사(건천),R06862
신갈국사,R00468
광화문국사,R00412
아화분기국사(건천),R06863
도리분기국사(건천),R06864
현곡분기국사(경주),R06865
평호분기국사(해남),R06615
구시분기국사(해남),R06616
현산분기국사(해남),R06617
월송분기국사(해남),R06618
가차분기국사(해남),R06619
심동분기국사(진도),R06761
가사분기국사(진도),R06766
미남분기국사(통영),R07383
산양분기국사(통영),R07384
풍화분기국사(통영),R07385
적가분기국사(안성),R05704
서삼분기국사(안성),R05705
장죽분기국사(안성),R05706
우수분기국사(진주),R07376
수곡분기국사(동진주),R07377
북상분기국사(거창),R07617
월성분기국사(거창),R07618
위천분기국사(거창),R07619
산남분기국사(남청주),R08433
마산분기국사(문산),R05697
파평분기국사(법원리),R05698
적성분기국사(법원리),R05699
장현분기국사(법원리),R05700
통일분기국사(문산),R05701
포항국사,R01494
김천국사,R01641
건천국사,R01570
의정부국사,R00530
임회분기국사(진도),R06756
죽림분기국사(진도),R06757
연동분기국사(진도),R06758
지산분기국사(진도),R06759
고야분기국사(진도),R06760
성내분기국사(진해),R07378
웅동분기국사(진해),R07381
용원분기국사(진해),R07382
공도분기국사(평택),R05702
진사분기국사(평택),R05703
동락분기국사(충주),F01250
노은분기국사(충주),F01251
앙성분기국사(충주),F01252
모점분기국사(충주),F01253
가금분기국사(충주),F01254
가흥분기국사(충주),F01255
문곡분기국사(충주),F01256
금가분기국사(충주),F01257
동량분기국사(충주),F01258
하천분기국사(충주),F01259
손동분기국사(충주),F01260
산척분기국사(충주),F01261
명서분기국사(충주),F01262
구리국사,R00567
영동국사,R00432
안정분기국사(통영),R07397
안보분기국사(남춘천),R05870
사북분기국사(춘천),R05871
원평분기국사(춘천),R05872
한전분기국사(양구),R06102
군량분기국사(양구),R06103
월명분기국사(양구),R06104
남면분기국사(양구),R06105
덕지분기국사(무주),R06285
하소분기국사(통영),R07401
포동분기국사(시흥),R05656
추봉분기국사(통영),R07402
도창분기국사(시흥),R05657
목감분기국사(안산),R05658
군자분기국사(시화),R05659
기곡분기국사(무주),R06286
설천분기국사(무주),R06287
옥정분기국사(안성),R05708
서운분기국사(안성),R05709
미양분기국사(안성),R05710
당동분기국사(고성),R05660
신원분기국사(거창),R07628
양지분기국사(거창),R07629
가북분기국사(거창),R07630
중촌분기국사(거창),R07631
용암분기국사(거창),R07632
남암분기국사(합천),R07633
김봉분기국사(합천),R07634
계산분기국사(합천),R07635
양지분기국사(합천),R07636
답내분기국사(남양주),R05645
마석분기국사(남양주),R05646
진건분기국사(퇴계원),R05647
오남분기국사(퇴계원),R05648
청학분기국사(경중앙),R05649
별내분기국사(퇴계원),R05650
운수분기국사(남양주),R05651
외방분기국사(남양주),R05652
조안분기국사(덕소),R05653
송촌분기국사(덕소),R05654
두길분기국사(무주),R06288
적상분기국사(무주),R06289
은사분기국사(고창),R06338
아산분기국사(고창),R06339
탑정분기국사(고창),R06340
무장분기국사(고창),R06341
덕림분기국사(고창),R06342
공음분기국사(고창),R06343
차암분기국사(천안),F01417
부구분기국사(울진),R07311
중인분기국사(남전주),R06149
대흥분기국사(남전주),R06150
장항분기국사,R06850
송천분기국사,R06900
합리분기국사(창녕),R07527
호성분기국사(북전주),R06151
전미분기국사(북전주),R06152
모동분기국사(거창),R07620
마산분기국사(김제),R06155
정우분기국사(정읍),R06201
상활분기국사(여주),F00812
분동분기국사(정읍),R06202
고등분기국사(모란),F00560
능평분기국사(경광주),F00649
옹동분기국사(정읍),R06205
마리분기국사(거창),R07621
용호분기국사(정읍),R06206
전척분기국사(거창),R07622
보림분기국사(정읍),R06207
칠보분기국사(정읍),R06208
오계분기국사(거창),R07623
파주분기국사(문산),R07751
평내분기국사(정읍),R06209
화원분기국사(해남),R06642
산내분기국사(정읍),R06210
신호분기국사(영천),R06989
당하분기국사(서수원),R05739
현동분기국사(마산),R07346
산포분기국사(거창),R07624
산전분기국사(서산),F01518
산외분기국사(정읍),R06211
종산분기국사(정읍),R06212
기린분기국사(인제),R06119
요천분기국사(남원),R06213
해리분기국사(고창),R06345
동호분기국사(고창),R06346
삼화분기국사(동해),R05930
죽청분기국사(보령),F01472
성송분기국사(고창),R06347
대산분기국사(고창),R06348
와석분기국사(영월),R06026
면온분기국사(평창),R06048
옥산분기국사(영덕),R07176
오천분기국사(영덕),R07178
세류분기국사,R07179
금곡분기국사(영덕),R07186
신리분기국사(영덕),R07189
지심도분기국사,R07463
대도분기국사,R07576
서초국사,R00439
나주국사,R02730
북여수국사,R02698
북순천국사,R03830
오류분기국사(경주),R06866
호명분기국사(안강),R06867
다산분기국사(안강),R06868
강동분기국사(안강),R06869
왕신분기국사(안강),R06870
천북분기국사(경주),R06871
모아분기국사(경주),R06872
둔마분기국사(거창),R07625
지산분기국사(거창),R07626
횡천분기국사(하동),R07571
하이분기국사(삼천포),R07540
부포분기국사(고성),R07541
대가분기국사(고성),R07542
영현분기국사(고성),R07543
연화분기국사(고성),R07544
영오분기국사(고성),R07545
개천분기국사(고성),R07546
청암분기국사(하동),R07581
위태분기국사(하동),R07582
가양국사,R00458
천미리분기국사,R06109
간월도분기국사,R06148
갈도분기국사(하동),R07583
대부국사,R08495
차황분기국사(산청),R07584
오부분기국사(산청),R07585
양구국사,R03691
곡성국사,R02792
생초분기국사(산청),R07586
금서분기국사(산청),R07587
삼장분기국사(산청),R07588
곡점분기국사(산청),R07589
강화분기국사(아차),R07717
강화분기국사(말도),R07718
인천공항분기국사(시도),R07720
시도분기국사(인천공항),R07721
KT본사,F03570
개봉분기국사(과림),R08323
동진주국사,R01003
산청국사,R01247
단성분기국사(산청),R07590
입석분기국사(산청),R07591
창촌분기국사(산청),R07592
양을산국사,R02609
합천국사,R01316
문대분기국사(산청),R07593
신안분기국사(산청),R07594
구례국사,R02810
성서국사,R01489
인천국사,R00515
마래산중계소,R07982
화태중계소,R07984
서도중계소,R07985
용산국사,R00414
생비량분기국사(산청),R07595
송계분기국사(산청),R07596
단계분기국사(산청),R07597
원촌분기국사(함양),R07598
마천분기국사(함양),R07599
휴천분기국사(함양),R07600
한남분기국사(함양),R07601
죽산분기국사(함양),R07602
지곡분기국사(함양),R07603
율곡분기국사(합천),R07643
초계분기국사(합천),R07644
하신분기국사(합천),R07645
쌍책분기국사(합천),R07646
율지분기국사(합천),R07647
청덕분기국사(합천),R07648
앙진분기국사(합천),R07649
소례분기국사(합천),R07650
상부분기국사(합천),R07651
대양분기국사(합천),R07652
백암분기국사(합천),R07653
쌍백분기국사(합천),R07654
삼가분기국사(합천),R07655
둔내분기국사(합천),R07656
가회분기국사(합천),R07657
대병분기국사(합천),R07658
유전분기국사(합천),R07659
월평분기국사(합천),R07662
두음분기국사,R07297
한골분기국사,R07298
남회룡분기국사,R07299
남면분기국사(봉화),R07302
전북집중국,A61851
동면분기국사(봉화),R07303
삼동분기국사,R07305
북곡분기국사,R07306
신라분기국사,R07307
승부분기국사,R07309
신림분기국사,R07310
금성분기국사(울진),R07312
소광분기국사,R07317
옥방분기국사,R07318
구산분기국사(울진),R07321
운곡분기국사(청양),F01607
광금분기국사(청양),F01608
시전분기국사(청양),F01609
정산분기국사(청양),F01610
안심분기국사(청양),F01611
청남분기국사(청양),F01612
주천분기국사(남원),R06214
고촌분기국사(남원),R06215
수지분기국사(남원),R06216
송동분기국사(남원),R06217
연산분기국사(남원),R06218
주생분기국사(남원),R06219
죽리분기국사(양구),R06106
임당분기국사(양구),R06107
방산분기국사(양구),R06108
둔덕분기국사(서천),F01595
덕하분기국사(남울산),R05597
검단분기국사(남울산),R05599
풍기분기국사(영주),R01690
옹정분기국사(남원),R06220
금지분기국사(남원),R06221
두동분기국사(언양),R05600
수홍분기국사(남원),R06222
장평분기국사(청양),F01613
남양분기국사(청양),F01614
중계분기국사(홍성),F01618
해안분기국사(양구),R06110
귀둔분기국사(인제),R06111
가아분기국사(인제),R06112
원대분기국사(인제),R06113
신남분기국사(인제),R06114
원통분기국사(인제),R06115
월학분기국사(인제),R06116
대덕분기국사(남전주),R06260
대아분기국사(봉동),R06261
효정분기국사(영천),R08118
충효분기국사(영천),R08119
합가분기국사(고령),R08120
남창분기국사(온산),R01446
격포분기국사(부안),R06364
용호LC국사,R07403
비진분기국사,R07404
매물분기국사,R07405
노량분기국사(하동),R08122
어진분기국사(세종),R08490
반성분기국사(동진주),R08125
공교대분기국사(동진주),R08130
태전국사,R01478
천성분기국사(부산강서),R08488
대지분기국사(강서),R01426
녹산분기국사(강서),R01428
정관분기국사(일광),R01456
비봉분기국사(봉동),R06262
명동분기국사(거제),R08129
반포분기국사(영산),R08132
고창국사,R03295
서포항국사,R01507
관지분기국사(진주),R07375
하남분기국사(고창),R06352
광주국사,R02590
서대구국사,R01488
서창원국사,R01070
서인천국사,R00510
백도분기국사(봉동),R06263
운주분기국사(봉동),R06264
변산분기국사(부안),R06365
곰소분기국사(부안),R06366
늑도분기국사(삼천포),R07409
신수도분기국사(삼천포),R07410
남양분기국사(삼천포),R07411
장전분기국사(사천),R07412
정동분기국사(사천),R07413
사남분기국사(사천),R07414
종천분기국사(사천),R07415
용현분기국사(삼천포),R07416
구호분기국사(사천),R07417
곤양분기국사(사천),R07418
성내분기국사(고창),R06353
마동분기국사(부안),R06367
백산분기국사(부안),R06368
상서분기국사(부안),R06369
청림분기국사(부안),R06370
신림분기국사(고창),R06354
하서분기국사(부안),R06371
해창분기국사(부안),R06372
Abnormal Data,######
동구미국사,R01639
마산국사,R00964
자인분기국사(하양),R07076
시화국사,R00923
용성분기국사(하양),R07077
안강국사,R01561
대구국사,R01458
고양국사,R00590
매남분기국사(하양),R07078
용전분기국사(하양),R07079
남산분기국사(하양),R07080
성수국사,R00429
반포국사,R00440
호도도서무선국,R08138
조도도서무선국,R08146
거제분기국사(아주),R08135
갈지분기국사(하양),R07081
상대분기국사(하양),R07082
압량분기국사(경산),R07083
검정분기국사(사천),R07419
남천분기국사(경산),R07084
흥산분기국사(경산),R07085
외량분기국사(군위),R07086
소보분기국사(군위),R07087
효령분기국사(군위),R07088
장군분기국사(군위),R07089
대율분기국사(군위),R07090
효제분기국사(안계),R07120
송림분기국사(사천),R07420
곤명분기국사(사천),R07421
서포분기국사(사천),R07422
비토분기국사(사천),R07423
비양도분기국사(한림),R07668
유수암분기국사(애월),R07669
송당분기국사(성산포),R07670
월정분기국사(성산포),R07671
종달분기국사(성산포),R07672
김녕분기국사(성산포),R07673
가파분기국사(모슬포),R07680
무릉분기국사(모슬포),R07681
불당분기국사(천안),R08377
수향분기국사(성환),F01419
성거분기국사(천안),F01420
송우국사,R00732
삼은분기국사(성환),F01421
목천분기국사(천안),F01422
양도도서무선국,R08150
서곶송신소,R08159
송도분기국사(동고령),R08160
송도분기국사(백아도),R08161
백령대청중계소,R08162
송전분기국사(천안),F01423
동안산국사,R00588
진도분기국사(금호),R08200
북부산국사,R00958
금사국사,R01119
덕양국사,R00593
괴산국사,R02564
금정국사,R00951
남청주국사,R04000
충주국사,R02414
양산국사,R01369
가야국사,R00949
동의정부국사,R03856
북광주국사,R02604
광양국사,R02842
군산국사,R03203
수덕분기국사(삽교),F01637
덕산분기국사(삽교),F01638
봉산분기국사(삽교),F01639
고덕분기국사(삽교),F01640
몽곡분기국사(삽교),F01641
신택분기국사(예산),F01642
신암분기국사(예산),F01643
양막분기국사(예산),F01644
천의분기국사(당진),F01670
면천분기국사(당진),F01671
순성분기국사(당진),F01672
신평분기국사(합덕),F01673
매산분기국사(합덕),F01674
중흥분기국사(당진),F01675
부곡분기국사(당진),F01676
오창분기국사(상당),F01309
목포분기국사(송도),R08264
오창과학분기국사(상당),F01310
가좌분기국사(상당),F01311
당사도도서무선국,R08267
북이분기국사(상당),F01312
지경분기국사(동송),R06079
장흥분기국사(동송),R06080
경주국사,R01534
하동국사,R01295
오지분기국사(동송),R06081
근남분기국사(동송),R06082
잠곡분기국사(동송),R06083
양지분기국사(철원),R06084
마현분기국사(동송),R06085
신읍분기국사(화천),R06086
풍산분기국사(화천),R06087
상대분기국사(화천),R06088
간동분기국사(화천),R06089
방천분기국사(화천),R06090
동촌분기국사(화천),R06091
하남분기국사(화천),R06092
논미분기국사(화천),R06093
유구국사,R02178
장기분기국사(김포),R05725
고촌분기국사(김포),R05726
구래분기국사(김포),R05727
신리분기국사(오산),R05762
연안분기국사(인천),R05533
청운분기국사(청송),R07129
달기분기국사(청송),R07130
장수분기국사(만수),R05540
구산분기국사(부평),R05541
계양분기국사(계양),R05543
하의분기국사(청송),R07131
부동분기국사(청송),R07132
내룡분기국사(청송),R07133
인곡분기국사(영덕),R07177
원전분기국사(영덕),R07180
지품분기국사(영덕),R07181
축산분기국사(영덕),R07182
기암분기국사(영덕),R07183
영해분기국사(영덕),R07184
병곡분기국사(영덕),R07187
창수분기국사(영덕),R07188
초전분기국사(성주),R07237
원당분기국사(서인천),R05545
대산분기국사(강화),R05546
연리분기국사(강화),R05547
불은분기국사(온수),R05548
선두분기국사(온수),R05549
초지분기국사(온수),R05550
내리분기국사(온수),R05551
파포분기국사(화천),R06094
망월분기국사(하당),R06667
송산분기국사(당진),F01677
가곡분기국사(당진),F01678
복룡분기국사(하당),R06668
상남분기국사(인제),R06123
오미분기국사(진주),F03028
흥왕분기국사(온수),R05552
치도무선국,R08356
양도분기국사(온수),R05553
내가분기국사(강화),R05554
당수분기국사(동안산),R05612
학운분기국사(김포),R05728
대전분기국사(나주),R06448
인천공항분기국사(신공항),R08366
통신망관리단/통신망연구소,F03550
대전안내국,F03563
신계분기국사(천안),F01424
풍세분기국사(천안),F01425
광덕분기국사(천안),F01426
원덕분기국사(천안),F01427
오곡분기국사(천안),F01428
운용분기국사(천안),F01429
성남분기국사(천안),F01430
수신분기국사(천안),F01431
병천분기국사(천안),F01432
매성분기국사(천안),F01434
천동분기국사(천안),F01435
수남분기국사(천안),F01436
입장분기국사(성환),F01437
가산분기국사(성환),F01438
하남분기국사(인제),R06124
다시분기국사(나주),R06449
국동분기국사(나주),R06450
용포분기국사(하당),R06669
유교분기국사(하당),R06670
매원분기국사(왜관),R07242
고곡분기국사(안동),R06928
소정분기국사(천안),F01572
봉현분기국사(삼천포),R07914
송계분기국사(고성),R07915
청광분기국사(고성),R07916
동천분기국사(지족),R07917
서울서부집중국,A61837
애당분기국사,R07290
금정분기국사,R07292
황평분기국사,R07294
마방분기국사,R07295
(구)광진집중국,A00428
(구)강북집중국,A00430
(구)영등포집중국,A00431
(구)영동집중국,A00432
(구)원효집중국,A00434
(구)강서집중국,A00435
(구)구로집중국,A00437
(구)서초집중국,A00439
(구)혜화집중국,A00441
(구)강동집중국,A00445
(구)신사집중국,A00448
(구)수원집중국,A00459
(구)동수원집중국,A00466
인천집중국,A00480
(구)부평집중국,A00495
(구)서인천집중국,A00510
(구)부천집중국,A00519
(구)성남집중국,A00525
(구)의정부집중국,A00530
(구)안산공단집중국,A00585
(구)고양집중국,A00590
(구)분당집중국,A00603
(구)안양집중국,A00919
(구)서부산집중국,A00945
(구)동래집중국,A00950
(구)남부산집중국,A00954
(구)북부산집중국,A00958
(구)북전주집중국,A03169
(구)익산집중국,A03186
(구)정읍집중국,A03223
(구)원주집중국,A03424
(구)춘천집중국,A03457
(구)강릉집중국,A03485
(구)동해집중국,A03507
제주집중국,A03771
송정분기국사(지족),R07918
노량분기국사(남해),R07919
수동분기국사(함양),R07920
가조분기국사(거창),R07921
용계분기국사(합천),R07922
동리분기국사(합천),R07924
용흥분기국사(합천),R07925
외토분기국사(합천),R07926
법호촌분기국사(서귀포),R07928
하예분기국사(신서귀),R07929
납읍분기국사(애월),R07930
미산분기국사(인제),R06125
줄포분기국사(부안),R06373
위도분기국사(부안),R06374
교암분기국사(정읍),R06188
내장동분기국사(정읍),R06189
수한분기국사(보은),F01320
화산분기국사(영천),R06987
회남분기국사(보은),F01321
회인분기국사(보은),F01322
이원분기국사(보은),F01323
내북분기국사(보은),F01324
심천분기국사(충북영동),F01357
사석분기국사(진천),F01358
덕산분기국사(진천),F01359
초평분기국사(진천),F01360
진암분기국사(증평),F01361
구곡분기국사(진천),F01362
문백분기국사(진천),F01363
영춘분기국사(단양),F01407
의풍분기국사(단양),F01408
별방분기국사(단양),F01409
어상천분기국사(단양),F01410
방북분기국사(단양),F01411
덕계분기국사(동두천),R05765
남방분기국사(경중앙),R05766
광사분기국사(경중앙),R05767
백석분기국사(의정부),R05768
기산분기국사(의정부),R05769
은현분기국사(동두천),R05770
신산분기국사(동두천),R05771
상수분기국사(동두천),R05772
광적분기국사(의정부),R05773
모전분기국사(서강릉),R05919
안인분기국사(서강릉),R05920
마읍분기국사(삼척),R05957
미로분기국사(삼척),R05958
상정분기국사(삼척),R05959
오저분기국사(삼척),R05960
풍곡분기국사(삼척),R05961
옥산분기국사(서천),F01596
서울북부집중국,A61838
서울남부집중국,A61839
경기남부집중국,A61840
경기북부집중국,A61841
부산집중국,A61843
충남집중국,A61852
충북집중국,A61853
강원집중국,A61854
호계분기국사,F00526
묘도중계소,R07983
숭의분기국사(팔미),R08325
매화분기국사(울진),R07322
덕신분기국사(울진),R07323
길곡분기국사(울진),R07324
기성분기국사(후포),R07325
사동분기국사(후포),R07326
상다천분기국사(후포),R07327
황보분기국사(후포),R07328
온정분기국사(후포),R07329
덕산분기국사(후포),R07330
구만분기국사(고성),R07547
배둔분기국사(고성),R07548
어신분기국사(고성),R07549
마암분기국사(고성),R07550
동해분기국사(고성),R07551
우두포분기국사(고성),R07552
은월분기국사(고성),R07553
무림분기국사(남해),R07554
당항분기국사(남해),R07557
비암분기국사(의정부),R05774
덕도분기국사(의정부),R05775
석우분기국사(의정부),R05776
대광분기국사(연천),R05790
내산분기국사(연천),R05791
삼곳분기국사(연천),R05792
원당분기국사(전곡),R05793
자작분기국사(포천),R05794
이곡분기국사(송우),R05795
직두분기국사(포천),R05796
내촌분기국사(포천),R05797
가산분기국사(송우),R05798
신북분기국사(포천),R05799
남청산분기국사(포천),R05800
중리분기국사(포천),R05801
관인분기국사(포천),R05802
창수분기국사(포천),R05803
양문분기국사(포천),R05804
화양분기국사(서천),F01597
기산분기국사(서천),F01598
한산분기국사(서천),F01599
연봉분기국사(서천),F01600
마산분기국사(서천),F01601
문산분기국사(서천),F01602
판교분기국사(서천),F01603
종천분기국사(서천),F01604
비인분기국사(서천),F01605
서면분기국사(서천),F01606
광품분기국사(후포),R07331
선구분기국사(후포),R07332
죽변분기국사(울진),R07333
다호분기국사(동마산),R07340
금동분기국사(동마산),R07341
상천분기국사(동마산),R07342
신촌분기국사(동마산),R07343
대산분기국사(동마산),R07344
제동분기국사(동마산),R07345
옥계분기국사(동해),R05923
남양분기국사(동해),R05924
외산분기국사(부여),F01579
내산분기국사(부여),F01580
구룡분기국사(부여),F01581
홍산분기국사(부여),F01582
옥산분기국사(부여),F01583
회동분기국사(부여),F01584
충화분기국사(부여),F01585
입포분기국사(부여),F01586
시음분기국사(부여),F01587
임천분기국사(부여),F01588
장하분기국사(부여),F01589
장암분기국사(부여),F01590
반포분기국사(공주),F01451
원봉분기국사(공주),F01452
마암분기국사(공주),F01453
대교분기국사(공주),F01455
광정분기국사(공주),F01460
화봉분기국사(공주),F01461
문천분기국사(공주),F01462
우성분기국사(공주),F01463
내산분기국사(공주),F01464
월미분기국사(공주),F01465
용봉분기국사(공주),F01466
욕장분기국사(보령),F01470
대창분기국사(보령),F01471
오천분기국사(보령),F01473
원산도분기국사(보령),F01480
청소분기국사(보령),F01489
청라분기국사(보령),F01490
장현분기국사(보령),F01491
남포분기국사(보령),F01492
주산분기국사(보령),F01493
유곡분기국사(보령),F01494
내장산분기국사(정읍),R06190
한교분기국사(정읍),R06192
입암분기국사(정읍),R06193
소성분기국사(정읍),R06194
종암분기국사(정읍),R06195
선구분기국사(남해),R07558
양아분기국사(남해),R07555
고부분기국사(정읍),R06196
풍월분기국사(정읍),R06197
영원분기국사(정읍),R06198
덕천분기국사(정읍),R06199
이평분기국사(정읍),R06200
중산분기국사(밀양),R07459
칠북분기국사(칠원),R07515
구기분기국사(밀양),R07460
삼거분기국사(거제),R07461
미조분기국사(지족),R07556
서면분기국사(남해),R07559
중현분기국사(남해),R07560
대사분기국사(남해),R07561
설천분기국사(남해),R07562
창선분기국사(지족),R07563
광천분기국사(지족),R07564
오용분기국사(지족),R07565
흥룡분기국사(하동),R07566
산내분기국사(남원),R06231
반선분기국사(남원),R06232
양북분기국사(경주),R06848
중평분기국사(하동),R07574
고남분기국사(하동),R07575
진교분기국사(하동),R07577
소정분기국사(하동),R07578
북천분기국사(하동),R07579
대현분기국사(거창),R07627
일동분기국사(포천),R05806
사직분기국사(포천),R05807
영북분기국사(포천),R05810
산정분기국사(포천),R05811
대회산분기국사(포천),R05812
화현분기국사(포천),R05813
장암분기국사(포천),R05808
도평분기국사(포천),R05809
상색분기국사(가평),R05814
방기분기국사(양산),R05607
자일분기국사(경중앙),R05613
고산분기국사(경중앙),R05614
모곡분기국사(송탄),R05615
도원분기국사(송탄),R05616
진위분기국사(송탄),R05619
서탄분기국사(송탄),R05620
동청분기국사(송탄),R05621
고덕분기국사(송탄),R05622
송포분기국사(일산),R05640
팔당분기국사(덕소),R05641
월문분기국사(덕소),R05642
부론분기국사(원주),R05899
손곡분기국사(원주),R05900
단강분기국사(남원주),R05901
귀래분기국사(남원주),R05902
동막분기국사(남원주),R05903
능유분기국사(남원주),R05904
흥업분기국사(남원주),R05905
대안분기국사(남원주),R05906
신림분기국사(남원주),R05907
황둔분기국사(남원주),R05908
부항분기국사(김천),R06896
권이분기국사(경주),R06849
양남분기국사(경주),R06851
나산분기국사(경주),R06852
상망분기국사(영주),R06960
삼가분기국사(영주),R06961
이방분기국사(창녕),R07528
상리분기국사(창녕),R07529
유어분기국사(창녕),R07530
월령분기국사(영산),R07531
직동분기국사(신동),R06023
석항분기국사(신동),R06024
옥동분기국사(영월),R06025
내리분기국사(신동),R06027
마차분기국사(영월),R06028
문곡분기국사(영월),R06029
문포분기국사(영월),R06030
주천분기국사(영월),R06036
용석분기국사(영월),R06037
판운분기국사(영월),R06038
수주분기국사(영월),R06039
법흥분기국사(영월),R06040
운학분기국사(영월),R06041
도돈분기국사(평창),R06042
미탄분기국사(평창),R06043
삼례국사,R03831
장항국사,R02391
북포항국사,R03989
진영국사,R01060
춘천국사,R03457
신금천국사,R03958
산격국사,R03962
연지분기국사(고성),R07536
병산분기국사(고성),R07537
송천분기국사(고성),R07538
오방분기국사(고성),R07539
운정분기국사(파주),R05684
인월분기국사(남원),R06233
만경분기국사(김제),R06234
죽산분기국사(김제),R06235
백산분기국사(김제),R06236
용지분기국사(김제),R06237
청운분기국사(김제),R06238
부용분기국사(김제),R06239
부량분기국사(김제),R06240
공덕분기국사(김제),R06241
청하분기국사(김제),R06242
성덕분기국사(김제),R06243
진봉분기국사(김제),R06244
금구분기국사(김제),R06245
황산분기국사(김제),R06246
원평분기국사(김제),R06247
금산사분기국사(김제),R06248
광활분기국사(김제),R06249
화정분기국사(봉동),R06250
상운분기국사(동전주),R06251
평촌분기국사(하동),R07580
장전분기국사(합천),R07660
상관분기국사(전주),R06252
남관분기국사(전주),R06253
이서분기국사(남전주),R06254
마정분기국사(문산),R05685
오현분기국사(법원리),R05686
웅담분기국사(법원리),R05687
용주분기국사(합천),R07661
동광선박무선수신소,R08310
진접분기국사(퇴계원),R05643
미사분기국사(청평),R05819
문평분기국사(나주),R06451
문발분기국사(파주),R05688
충남원효봉중계소,R08316
장곡분기국사(파주),R05689
통영분기국사(수도),R08320
노안분기국사(나주),R06452
개봉분기국사(옥길),R08322
송도분기국사(소이작),R08324
금안분기국사(나주),R06453
양지분기국사(용인),R05681
평창분기국사(용인),R05682
하리분기국사(용인),R05683
방일분기국사(청평),R05820
고성분기국사(청평),R05821
삼회분기국사(청평),R05822
임초분기국사(청평),R05823
위전분기국사(파주),R05690
법흥분기국사(파주),R05691
탄현분기국사(파주),R05692
발랑분기국사(파주),R05693
용미분기국사(파주),R05694
광탄분기국사(파주),R05695
영장분기국사(파주),R05696
강화분기국사(서검),R08326
송도분기국사(대이작),R08327
인천공항분기국사(을왕),R08328
화곡분기국사(매봉),R08329
강화분기국사(우도),R08330
와도도서무선국,R08351
잠도도서무선국,R08352
입도분국,R08353
석정분기국사(김포),R05730
군하분기국사(김포),R05731
하성분기국사(김포),R05732
양택분기국사(김포),R05733
목포분기국사(저도),R08178
장덕분기국사(남양),R05734
동화분기국사(서수원),R05737
병점분기국사(남수원),R05735
명덕분기국사(동전주),R06255
유속분기국사(무주),R06290
안녕분기국사(남수원),R05736
와우분기국사(남수원),R05738
율길분기국사(청평),R05824
정배분기국사(양평),R05840
노문분기국사(양평),R05841
단월분기국사(양평),R05842
산음분기국사(양평),R05843
용두분기국사(양평),R05844
신리분기국사,R05946
양동분기국사(양평),R05845
괴목분기국사(무주),R06291
안성분기국사(무주),R06292
부남분기국사(무주),R06293
가당분기국사(무주),R06294
장수읍분기국사(장수),R06295
수분분기국사(장수),R06296
평창분기국사(리조),R08350
고송분기국사(양평),R05846
금왕분기국사(양평),R05847
계정분기국사(양평),R05848
지평분기국사(양평),R05849
일신분기국사(양평),R05850
송추분기국사(의정부),R05777
대성분기국사(장수),R06297
장흥분기국사(의정부),R05778
삼하분기국사(의정부),R05779
산서분기국사(장수),R06298
동화분기국사(장수),R06299
번암분기국사(장수),R06300
대곡분기국사(장수),R06301
학정분기국사(임실),R06317
삼계분기국사(임실),R06318
서안양국사,R00521
주문진국사,R03503
만수국사,R00517
산포분기국사(나주),R06454
김해국사,R01044
서천국사,R02267
녹동중계소,R07986
어불도분기국사,R06621
관매도분기국사,R06762
동거차분기국사,R06763
대마도분기국사(진도),R06764
관사도분기국사,R06765
선도분기국사,R06770
병풍분기국사,R06772
금왕국사,R02498
곡수분기국사(양평),R05851
퇴계원국사,R00571
산제분기국사(나주),R06455
득량분기국사(녹동),R06508
몽탄분기국사(무안),R06671
사창분기국사(무안),R06672
고탄분기국사(춘천),R05873
부귀분기국사(춘천),R05874
북산분기국사(춘천),R05875
물로분기국사(춘천),R05876
동판교분기국사(분당),R08458
광판분기국사(남춘천),R05877
방곡분기국사(남춘천),R05878
서천분기국사(남춘천),R05879
해안분기국사(동해),R08449
대전분기국사(서강릉),R08452
서판교분기국사(분당),R08459
행구분기국사(원주),R05880
금대분기국사(남원주),R05881
문막분기국사(원주),R05882
궁촌분기국사(원주),R05883
반계분기국사(원주),R05884
소초분기국사(원주),R05885
의관분기국사(원주),R05886
장양분기국사(원주),R05887
무실분기국사(원주),R08451
사마분기국사(무안),R06673
절동분기국사(무안),R06674
도안분기국사(유성),R08487
하수치분기국사,R06779
우이도분기국사,R06780
대둔분기국사,R06782
가거분기국사,R06784
다물분기국사,R06785
도솔봉중계소,R07989
옥도분기국사,R06786
자라분기국사,R06788
반월도분기국사,R06790
추포분기국사,R06791
당사도분기국사(목포),R06793
고이분기국사,R06794
매화도분기국사(목포),R06795
현경분기국사(무안),R06675
신풍분기국사(무안),R06676
해제분기국사(무안),R06677
송전분기국사(무안),R06678
수도분기국사,R07379
연도분기국사,R07380
곤리분기국사,R07386
추도분기국사,R07387
학림분기국사,R07388
연대분기국사,R07389
지도LC국사,R07391
어의분기국사,R07392
연화LC국사,R07398
노대LC국사,R07399
두미LC국사,R07400
전주정보통신센터,R08055
목포무선국,R08056
나주연수원,R08058
지리산수련관,R08059
홍도분실,R08062
경주수련관,R08064
울릉송신소,R08065
부산망건설국,R08066
김해연수원,R08067
내수분기국사(상당),F01290
신제주송신소,R08072
신제주수신소,R08073
전북망건설국,R08074
용화산중계소,R08010
불모산중계소,R08011
거제해저중계소,R08012
청해대중계소,R08013
원효산중계소,R08014
자양산중계소,R08015
금오산중계소,R08016
오도산중계소,R08017
한라산중계소,R08018
세오름중계소,R08019
영종분기국사(인천공항),R05534
운서분기국사(인천공항),R05535
비중분기국사(상당),F01291
소록분기국사(녹동),R06509
미산분기국사(보령),R02320
시산분기국사(고흥),R06510
광교분기국사(동수원),R08484
정자분기국사(수원),R08388
풍양분기국사(고흥),R06511
안동분기국사(고흥),R06512
조성분기국사(벌교),R06560
예당분기국사(보성),R06561
화광국사,R03683
득량분기국사(보성),R06562
회천분기국사(보성),R06563
천포분기국사(보성),R06564
웅치분기국사(보성),R06565
운북분기국사(인천공항),R05536
연양분기국사(화순),R06566
앵남분기국사(화순),R06567
용문분기국사(양평),R05852
한천분기국사(화순),R06568
운산분기국사(화순),R06569
춘양분기국사(화순),R06570
용반분기국사(화순),R06571
신점분기국사(양평),R05853
대실분기국사(양을산),R06767
사옥분기국사(양을산),R06768
자동분기국사(양을산),R06769
용암분기국사(남청주),R08346
대초분기국사(양을산),R06771
금천분기국사(남청주),R08347
임자분기국사(양을산),R06773
회현분기국사(양평),R05855
부동분기국사(양을산),R06774
가촌분기국사(양산),R08491
한운분기국사(양을산),R06775
백산분기국사(양을산),R06776
을왕분기국사(인천공항),R05537
용유분기국사(인천공항),R05538
무의분기국사(인천공항),R05539
청라LC국사,R05544
장동분기국사(무안),R06679
양주국사,R01381
장승포국사,R01418
개봉분기국사(궁동),R08376
도고분기국사(양을산),R06777
운남분기국사(무안),R06680
월천분기국사(함평),R06681
손불분기국사(함평),R06682
죽림분기국사(양을산),R06778
곤촌분기국사(양을산),R06781
홍도분기국사(양을산),R06783
장산분기국사(양을산),R06787
영전분기국사(해남),R03089
청평국사,R00789
동목포국사,R03826
여흘분기국사(양을산),R06789
대화국사,R03593
신석분기국사(양을산),R06792
서광양국사,R02804
지도분기국사(양을산),R08060
구봉국사,R02122
남대구국사,R01462
상야분기국사(계양),R05542
금곡분기국사(구포),R07700
서안산국사,R00585
남원국사,R03271
용담분기국사(신제주),R04002
세교분기국사(오산),R05655
무등분기국사(동광주),R05575
와수분기국사(동송),R03756
북공주국사,F00244
하복대분기국사(가경),R07699
설악분기국사(속초),R05003
산유분기국사(가평),R05816
활성산중계소,R07990
노봉분기국사(동해),R05004
설악분기국사(청평),R05817
서구미국사,R03964
남부평분기국사(부평),R05501
기곡분기국사(동해),R05005
연곡분기국사(주문진),R03984
양계분기국사(영암),R06653
신북분기국사(영암),R06654
신항분기국사(영암),R06655
시종분기국사(영암),R06656
금지분기국사(영암),R06657
도포분기국사(영암),R06658
신정분기국사(영암),R06659
농소분기국사(울산),R03971
달서국사,R03973
임곡분기국사(서강릉),R05921
정동분기국사(서강릉),R05922
보발분기국사(단양),F01406
덕정분기국사(동두천),R05763
화당분기국사(제천),F01285
모정분기국사(제천),F01286
입석분기국사(제천),F01287
송학분기국사(제천),F01288
송한분기국사(제천),F01289
낭성분기국사(청주),F01292
미원분기국사(남청주),F01293
금관분기국사(청주),F01295
가덕분기국사(남청주),F01296
남일분기국사(남청주),F01297
남이분기국사(서청주),F01298
문의분기국사(남청주),F01299
구룡분기국사(청주),F01300
등동분기국사(청주),F01301
북동분기국사(동해),R05925
산계분기국사(동해),R05926
사천분기국사(서강릉),R05927
노동분기국사(서강릉),R05928
행정분기국사(주문진),R05929
주인분기국사(울진),R07313
영광국사,R02914
장성국사,R02986
연화분기국사(왜관),R07243
하당분기국사(울진),R07314
삼근분기국사(울진),R07315
왕피분기국사(울진),R07316
노음분기국사(울진),R07319
행곡분기국사(울진),R07320
다구분기국사(진북),R07351
태봉분기국사(진북),R07352
금산분기국사(진북),R07353
추곡분기국사(진북),R07354
진전분기국사(진북),R07355
시락분기국사(진북),R07356
금암분기국사(진북),R07357
강진국사,R03137
동작국사,R00424
의성국사,R01929
법성포국사,R02931
이인분기국사(임실),R06307
청웅분기국사(임실),R06308
마암분기국사(남전주),R06310
하운암분기국사(임실),R06311
신평분기국사(임실),R06312
운암분기국사(임실),R06309
관촌분기국사(임실),R06319
방수분기국사(임실),R06320
송도국사,R00501
주안국사,R00509
광산국사,R02886
발안국사,R00803
남광주국사,R02598
북전주국사,R03169
세울분기국사(횡성),R08469
행가래분기국사(남원주),R08471
초원분기국사(횡성),R08473
장재분기국사(동진주),R07359
삼곡분기국사(동진주),R07360
양옥분기국사(동진주),R07361
정촌분기국사(동진주),R07362
두문분기국사(동진주),R07363
진성분기국사(동진주),R07364
이반성분기국사(동진주),R07365
사봉분기국사(동진주),R07366
지수분기국사(동진주),R07367
대곡분기국사(진주),R07368
중촌분기국사(진주),R07369
한실분기국사(진주),R07370
장사분기국사(동진주),R07371
대암분기국사(진주),R07372
미천분기국사(진주),R07374
화목분기국사(김해),R07425
영운분기국사(김해),R07426
응달분기국사(김해),R07427
원지분기국사(김해),R07428
내삼분기국사(김해),R07429
진례분기국사(진영),R07430
장방분기국사(진영),R07431
사촌분기국사(김해),R07432
갈담분기국사(임실),R06321
옥정분기국사(임실),R06322
덕치분기국사(임실),R06323
지사분기국사(임실),R06324
인계분기국사(순창),R06325
동계분기국사(순창),R06326
풍산분기국사(순창),R06327
금과분기국사(순창),R06328
팔덕분기국사(순창),R06329
시산분기국사(순창),R06330
쌍치분기국사(순창),R06331
복흥분기국사(순창),R06332
답동분기국사(순창),R06333
적성분기국사(순창),R06334
구림분기국사(순창),R06335
물걸분기국사(홍천),R05971
내촌분기국사(홍천),R05972
광암분기국사(홍천),R05973
서석분기국사(홍천),R05974
봉강분기국사(진주),R07373
검산분기국사(홍천),R05975
현도분기국사(서청주),F01302
구영분기국사(거제),R07480
중촌분기국사(의령),R07490
대의분기국사(의령),R07491
개승분기국사(의령),R07489
노천분기국사(홍천),R05976
양덕원분기국사(홍천),R05977
장목분기국사(거제),R07481
시동분기국사(홍천),R05978
고암분기국사(창녕),R07522
용수분기국사(홍천),R05979
반곡분기국사(홍천),R05980
팔봉분기국사(홍천),R05981
완도중계소,R07991
숭의분기국사(영흥),R07693
부강분기국사(서청주),F01303
죽죽분기국사(합천),R07663
감리분기국사(창녕),R07523
성산분기국사(창녕),R07524
대견분기국사(창녕),R07525
해안분기국사(신제주),R07664
보목분기국사(서귀포),R07665
강정분기국사(신서귀),R07666
금악분기국사(한림),R07667
태성분기국사(가경),F01304
강내분기국사(가경),F01305
오미분기국사(서청주),F01307
소수분기국사(괴산),F01385
목도분기국사(괴산),F01386
앵천분기국사(괴산),F01387
삼생분기국사(음성),F01388
도청분기국사(금왕),F01389
소이분기국사(음성),F01390
보천분기국사(음성),F01391
맹동분기국사(금왕),F01392
대소분기국사(금왕),F01393
삼성분기국사(금왕),F01394
능산분기국사(금왕),F01395
생극분기국사(금왕),F01396
감곡분기국사(금왕),F01397
주천분기국사(금왕),F01398
월정분기국사(금왕),F01399
오궁분기국사(금왕),F01400
군서분기국사(영암),R06660
서호분기국사(영암),R06661
존제산중계소,R07987
상사분기국사(영암),R06662
학산분기국사(영암),R06663
삼포분기국사(대불),R06648
영보분기국사(영암),R06649
금정분기국사(영암),R06650
욕지분기국사(통영),R08134
미교분기국사(영암),R06664
미암분기국사(영암),R06665
매곡분기국사(무안),R06666
원들분기국사(영암),R06651
남전주국사,R03154
교래분기국사(성산포),R07674
신창분기국사(제주고산),R07675
저청분기국사(제주고산),R07676
청룡분기국사(영암),R06652
수암분기국사(안산),R05635
상추자분기국사(신제주),R07677
하추자분기국사(신제주),R07678
우도분기국사(성산포),R07679
제주국사,R03771
매포분기국사(단양),F01401
통영분기국사(화도),R07909
가평분기국사(단양),F01402
대강분기국사(단양),F01403
덕촌분기국사(단양),F01404
가곡분기국사(단양),F01405
안산국사,R00580
명지분기국사(서산),F01519
석남국사,R00513
독곶분기국사(서산),F01520
진천국사,R02524
부남분기국사(서산),F01521
강당분기국사(서산),F01522
팔봉분기국사(서산),F01525
신성분기국사(서산),F01526
대부분기국사(인천),R05636
대곶분기국사(김포),R05729
지원분기국사(광주),R02591
송암분기국사(남광주),R02599
유덕분기국사(상무),R02601
동림분기국사(북광주),R02605
매곡분기국사(본촌),R02607
성전분기국사(강진),R03143
모밀분기국사(대불),R02955
풍암분기국사(남광주),R03935
신제주분기국사(한밝),R07927
하남국사,R00630
안산중계소,R07935
봉래산중계소,R07936
엄광산중계소,R07937
금련산중계소,R07938
최정산중계소,R07940
무등산중계소,R07944
식장산중계소,R07945
무룡산중계소,R07946
삼성산중계소,R07947
송라산중계소,R07948
양산중계소,R07949
광교산중계소,R07950
태화산중계소,R07951
검단산중계소,R07952
용문산중계소,R07953
백운중계소,R07955
괘방산중계소,R07956
함백산중계소,R07957
봉황산중계소,R07958
갈남산중계소,R07959
호산중계소,R07960
태기중계소,R07961
대관령중계소,R07962
부모산중계소,R07963
가엽중계소,R07964
국사봉중계소,R07965
두대중계소,R07967
연화봉중계소,R07968
성거산중계소,R07969
옥마산중계소,R07970
망일산중계소,R07971
원효봉중계소,R07972
계룡산중계소,R07973
태안해저중계소,R07974
회현중계소,R07976
미륵산중계소,R07977
망대봉중계소,R07978
고남산중계소,R07979
모악산중계소,R07980
의상봉중계소,R07981
대둔산중계소,R07988
노화중계소,R07992
진도중계소,R07993
목포중계소(임자),R07995
도초중계소,R07996
목포중계소(안좌),R07998
성동산중계소,R07999
무능산중계소,R08000
난함산중계소,R08002
학가산중계소,R08003
팔공산중계소,R08004
일월산중계소,R08005
봉화산중계소,R08006
염속산중계소,R08007
현종산중계소,R08008
감을계중계소,R08009
추자도중계소,R08020
제주해저중계소,R08021
수도권강북망건설국,R08022
인터넷운영국,R08023
호저분기국사(원주),R08389
정보전산센터(IT본부),R08024
중앙통신운용국,R08025
성연분기국사(서산),F01527
음암분기국사(서산),F01528
원평분기국사(서산),F01529
여미분기국사(서산),F01530
고북분기국사(서산),F01532
성동분기국사(논산),F01533
광석분기국사(논산),F01534
광릉분기국사(퇴계원),R05644
개군분기국사(양평),R05854
국제통신센터,R08450
국수분기국사(양평),R05837
송촌분기국사(용전),R08445
모곡분기국사(홍천),R05983
성동분기국사(홍천),R05984
원소분기국사(홍천),R05985
굴지분기국사(홍천),R05986
부산전산국,R08027
영도송신소,R08028
영도수신소,R08029
부산해저통신국,R08030
대구망건설국,R08031
광주정보통신센터,R08032
전남망건설국,R08033
대전연수원,R08034
용인위성대덕관제분국,R08035
대덕1연구센타,R08036
대덕2연구센타,R08037
충남망건설국,R08038
수도권강남망건설국,R08039
분당IDC,R08040
수도권서부망건설국,R08041
화도연수원,R08042
용인위성관제국,R08043
화성송신소,R08044
원주연수원,R08045
강원망건설국,R08046
강릉송신소,R08047
강릉수신소,R08048
용평수련관,R08049
충북망건설국,R08050
금산위성보은분국,R08051
금산위성천안분국,R08052
도고수련관,R08053
창촌분기국사(홍천),R05987
명개분기국사(홍천),R05988
노림분기국사(원주),R08402
율전분기국사(홍천),R05989
봉화분기국사(원주),R08413
남구미분기국사(구미공단),R08414
원동분기국사(오천),R08419
춘양분기국사(봉화),R07289
서벽분기국사(봉화),R07291
소천분기국사(봉화),R07293
구산분기국사(마산),R07347
약수분기국사(평창),R08393
금산위성통신국,R08054
서울서울망남산중계소,R08079
고봉산중계소,R08080
망경대중계소,R08081
논현분기국사(인천),R08158
봉의산중계소,R08091
평동분기국사(송정),F00501
방산분기국사(나주),R06457
봉황분기국사(나주),R06458
봉산분기국사(담양),R06469
고서분기국사(담양),R06470
원강분기국사(담양),R06471
남면분기국사(담양),R06472
인암분기국사(담양),R06473
창평분기국사(담양),R06474
대덕분기국사(담양),R06475
송도도서무선국,R08123
저도도서무선국,R08124
갈전분기국사(담양),R06476
와동분기국사(용전),F00519
초정분기국사(김해),R07438
무촌분기국사(이천),F00686
부발분기국사(이천),F00687
고백분기국사(이천),F00688
신둔분기국사(이천),F00689
도봉분기국사(이천),F00690
소정분기국사(이천),F00691
백사분기국사(이천),F00692
안평분기국사(이천),F00693
호법분기국사(이천),F00694
매곡분기국사(이천),F00695
마장분기국사(이천),F00696
관리분기국사(이천),F00697
대월분기국사(이천),F00698
아미분기국사(이천),F00699
모가분기국사(이천),F00700
어농분기국사(이천),F00701
설성분기국사(장호원),F00702
방내분기국사(홍천),R05990
대감분기국사(김해),R07439
녹동국사,R02782
함평국사,R03050
행당국사,R00416
가리산분기국사(인제),F01200
초동분기국사(수산),R07456
성북국사,R00418
노원국사,R00449
거진분기국사(강원고성),F01218
오천국사,R01522
자석분기국사(장호원),F00703
송계분기국사(장호원),F00704
율면분기국사(장호원),F00705
북두분기국사(장호원),F00706
월포분기국사(장호원),F00707
삼리분기국사(경광주),F00773
태전분기국사(경광주),F00774
신현분기국사(수내),F00775
오포분기국사(경광주),F00776
매산분기국사(경광주),F00777
초월분기국사(경광주),F00778
선동분기국사(경광주),F00779
신월분기국사(경광주),F00780
만선분기국사(경광주),F00781
도척분기국사(경광주),F00782
우산분기국사(경광주),F00783
영동분기국사(경광주),F00784
퇴촌분기국사(경광주),F00785
점봉분기국사(여주),F00808
뇌곡분기국사(여주),F00809
삼합분기국사(여주),F00810
가남분기국사(여주),F00811
교동분기국사(강화),F00459
자은분기국사,R05970
본두분기국사(여주),F00813
금당분기국사(여주),F00814
무안분기국사(밀양),R07457
혈청소분기국사(서부산),F00382
가오분기국사(동대전),F00506
판암분기국사(동대전),F00507
대동분기국사(용전),F00508
추동분기국사(동대전),F00509
효평분기국사(동대전),F00510
신하분기국사(동대전),F00511
낭월분기국사(동대전),F00512
상소분기국사(동대전),F00513
정생분기국사(동대전),F00514
흑석분기국사(남대전),F00515
장흥국사,R03006
흥천분기국사(여주),F00815
이포분기국사(여주),F00816
능서분기국사(여주),F00818
오계분기국사(여주),F00819
천남분기국사(여주),F00820
천서분기국사(여주),F00821
대신분기국사(여주),F00822
오학분기국사(여주),F00823
석우분기국사(여주),F00824
덕산분기국사(여주),F00825
북내분기국사(여주),F00826
가정분기국사(여주),F00827
강천분기국사(여주),F00828
부평분기국사(여주),F00829
도전분기국사(여주),F00830
동촌국사,R01468
고촌분기국사(기장),R05511
전의분기국사(세종),F01568
내요분기국사(부안),R06357
주산분기국사(부안),R06358
안성분기국사(부안),R06359
화도분기국사(부안),R06360
계화분기국사(부안),R06361
서귀포분기국사(김녕),R03813
화장분기국사(여천),R06378
나전분기국사(정선),F01152
자등분기국사(동송),F01166
강남분기국사(화천),F01180
삼산분기국사(주문진),F00997
비천분기국사(북평),R05931
망상분기국사(동해),R05932
돈지분기국사(부안),R06362
보안분기국사(부안),R06363
동삼국사,R00957
홍성국사,R02280
천안국사,R02131
죽교국사,R03019
신서귀포국사,R03784
대연국사,R00955
부안분기국사(고창),R06355
인촌분기국사(고창),R06356
수지국사,R00474
성남국사,R00525
(구)진주집중국,A01003
울산국사,R01026
부평국사,R00495
횡성국사,R03645
학사분기국사(속초),R05941
대포분기국사(속초),R05942
오원분기국사(횡성),R05994
우천분기국사(횡성),R05995
안흥분기국사(횡성),R05996
소사분기국사(횡성),R05997
현천분기국사(횡성),R05998
둔내분기국사(횡성),R05999
조항분기국사(횡성),R06000
삽교분기국사(횡성),R06001
아산국사,R02192
가상국사9,S00009
영도국사,R00956
항동국사,R00494
문산국사,R00868
서대문국사,R00423
호암분기국사(함열),R06177
청량국사,R00426
서광주국사,R02597
개봉국사,R00442
둔산센터,R08457
구로센터,Z00001
좌동국사,R03957
단양국사,R02549
신동국사,R03560
옥포국사,R01423
성산포국사,R03808
월하분기국사(동송),R06075
도창분기국사(동송),R06076
문혜분기국사(철원),R06077
내대분기국사(철원),R06078
광산분기국사(강원고성),R06126
장신분기국사(강원고성),R06127
흘리분기국사(강원고성),R06128
송죽분기국사(강원고성),R06129
대진분기국사(강원고성),R06130
죽정분기국사(강원고성),R06131
명파분기국사(강원고성),R06132
죽왕분기국사(속초),R06133
인흥분기국사(속초),R06134
신평분기국사(속초),R06135
낙산분기국사(양양),R06136
수리분기국사(양양),R06137
오색분기국사(양양),R06138
황이분기국사(양양),R06139
남양분기국사(양양),R06141
현북분기국사(양양),R06142
어성전분기국사(양양),R06143
인구분기국사(양양),R06144
남애분기국사(양양),R06145
공수전분기국사(양양),R06140
왕궁분기국사(부송),R06183
안천분기국사(부송),R06184
용동분기국사(함열),R06187
신덕분기국사(신태인),R06191
남울산국사,R01112
남원주국사,R03446
대장분기국사(익산),R06185
삼기분기국사(익산),R06186
장암분기국사(공주),F01456
의당분기국사(공주),F01457
용현분기국사(공주),F01458
중흥분기국사(공주),F01459
중랑국사,R00438
금천국사,R00455
상무국사,R02600
시흥국사,R00635
백령국사,R00932
성도분기국사(담양),R06477
무정분기국사(담양),R06478
금곡분기국사(김천),R06881
대성분기국사,R06886
임천분기국사(김천),R06891
신양분기국사,R06905
명진분기국사,R06919
태자분기국사,R06938
매정분기국사,R06942
사신분기국사,R06943
금성분기국사(담양),R06479
풍남분기국사(고흥),R06513
도덕분기국사(녹동),R06514
가야분기국사(녹동),R06515
오마분기국사(녹동),R06516
동여수국사,R02675
금산분기국사(녹동),R06517
동정분기국사(녹동),R06518
오천분기국사(녹동),R06519
단장분기국사(고흥),R06520
구암분기국사(고흥),R06521
도화분기국사(고흥),R06522
지죽분기국사(고흥),R06523
남성분기국사(고흥),R06524
옥강분기국사(고흥),R06525
포두분기국사(고흥),R06526
송산분기국사(고흥),R06527
염포분기국사(고흥),R06528
축정분기국사(고흥),R06529
사양분기국사(고흥),R06530
화계분기국사(고흥),R06531
점암분기국사(고흥),R06532
신방분기국사(남천안),F01418
화동분기국사(횡성),R06002
구방분기국사(횡성),R06003
상대분기국사(횡성),R06004
천천분기국사(장수),R06302
연평분기국사(장수),R06303
양신분기국사(장수),R06304
장안분기국사(장수),R06305
계북분기국사(장수),R06306
대구IDC,905
영천국사,R01745
남수원ICC,R08438
목동IDC,901
영동IDC,904
부산IDC,906
중소분기국사,R07041
청주IDC,907
중촌분기국사(상주),R07042
광주IDC,909
대전IDC,910
원주IDC,911
분당IDC,913
부산안내국,3409
안룡분기국사,R07044
남대분기국사,R06978
광주안내국,5718
대구안내국,6162
강원안내국,206027
삼랑진분기국사(밀양),R01195
전주IDC,912
통진분기국사(김포),R00900
연등분기국사(고흥),R06533
과역분기국사(고흥),R06534
남양분기국사(고흥),R06535
망주분기국사(고흥),R06536
이양분기국사(화순),R06572
매정분기국사(화순),R06573
능주분기국사(화순),R06574
도곡분기국사(화순),R06575
도암분기국사(화순),R06576
호암분기국사(화순),R06577
포천국사,R00708
북일산국사,R00595
서부분기국사(홍성),R02283
장림국사,R01123
재송국사,R01128
이서분기국사(화순),R06578
옥리분기국사(화순),R06579
수리분기국사(화순),R06581
상원분기국사,R07150
도곡분기국사(영양),R07160
동복분기국사(화순),R06582
사평분기국사(화순),R06583
주산분기국사(화순),R06584
복림분기국사(화순),R06585
동면분기국사(화순),R06586
군동분기국사(강진),R06600
칠량분기국사(강진),R06601
수동분기국사(강진),R06602
계라분기국사(강진),R06603
도암분기국사(강진),R06604
신전분기국사(강진),R06605
백화분기국사(강진),R06606
월남분기국사(강진),R06607
작천분기국사(강진),R06608
병영분기국사(강진),R06609
국제데이터센터,R08460
옴천분기국사(강진),R06610
마량분기국사(강진),R06611
삼호분기국사(대불),R06647
오목내분기국사(진주),R00992
동정분기국사(함평),R06683
신광분기국사(함평),R06684
석정분기국사(함평),R06685
노성분기국사(논산),F01535
학교분기국사(함평),R06686
금곡분기국사(함평),R06687
대동분기국사(함평),R06688
구적분기국사(함평),R06689
나산분기국사(함평),R06690
호암분기국사(논산),F01536
신암분기국사,R07164
송하분기국사,R07165
사암분기국사,R07173
인천분기국사,R07191
상신분기국사(성주),R07224
송계분기국사(성주),R07227
동원분기국사,R07231
신도분기국사(인천공항),R05563
장봉분기국사(인천공항),R05564
자월분기국사,R05570
연평분기국사,R05571
소연평LC국사,R05572
문장분기국사(함평),R06691
월야분기국사(함평),R06692
정산분기국사(함평),R06693
와룡분기국사(영광),R06694
덕용분기국사(영광),R06695
논산분기국사(영광),R06696
백수분기국사(영광),R06697
상사분기국사(영광),R06698
홍농분기국사(법성포),R06699
대마분기국사(영광),R06700
묘량분기국사(영광),R06701
용잠분기국사(동마산),R00987
상월분기국사(논산),F01537
일로분기국사(하당),R02663
만성분기국사(북여수),R02699
광영분기국사(광양),R02845
봉개분기국사(제주),R03772
아라분기국사(제주),R03773
화북분기국사(제주),R03774
외도분기국사(신제주),R03776
중문분기국사(신서귀),R03786
하귀분기국사(신제주),R03797
안덕분기국사(모슬포),R03803
거전분기국사(부여),F01577
비암분기국사(부여),F01578
세화분기국사(성산포),R03820
남평분기국사(나주),R02740
금천분기국사(나주),R02741
서생분기국사,R05595
웅촌분기국사,R05598
청계분기국사(무안),R02858
대야분기국사(보성),R02868
삼학분기국사(영광),R06702
불갑분기국사(영광),R06703
군남분기국사(영광),R06704
대덕분기국사(영광),R06705
염산분기국사(영광),R06706
야월분기국사(영광),R06707
조천분기국사(성산포),R03821
남춘천국사,R03475
을지국사,R00417
부적분기국사(논산),F01538
연산분기국사(논산),F01539
장전분기국사(논산),F01540
두마분기국사(계룡),F01541
벌곡분기국사(논산),F01542
도산분기국사(논산),F01543
양촌분기국사(연무),F01544
홍북분기국사(홍성),F01619
죽림분기국사(홍성),F01620
홍동분기국사(홍성),F01621
장곡분기국사(광천),F01622
산성분기국사(광천),F01623
은하분기국사(광천),F01624
결성분기국사(광천),F01625
무선국사,R03217
서수분기국사(동군산),F01695
여주국사,R00682
봉남분기국사(김제),F01797
세도분기국사(부여),F01591
석성분기국사(부여),F01592
초촌분기국사(부여),F01593
구천분기국사(무주),F01847
동송국사,R03752
계양국사,R00499
평해분기국사(후포),F02956
화천분기국사(동마산),F02989
신례분기국사(예산),F01631
대술분기국사(예산),F01632
신양분기국사(예산),F01633
하의분기국사(양을산),F02400
옥실분기국사(영광),R06708
성산분기국사(장성),R06711
신지분기국사(완도),F02338
농소분기국사(김천),F02522
월곡분기국사(안동),F02565
봉남분기국사(선산),F02577
구천분기국사(안계),F02756
대흥분기국사(예산),F01634
탄방분기국사(예산),F01635
응봉분기국사(예산),F01636
광암분기국사(동두천),R05633
소요분기국사(동두천),R05634
고양분기국사(덕양),R05637
벽제분기국사(덕양),R05638
성석분기국사(북일산),R05639
고문분기국사(연천),R05780
양원분기국사(전곡),R05781
늘목분기국사(전곡),R05782
왕림분기국사(전곡),R05783
초성분기국사(전곡),R05784
대전분기국사(전곡),R05785
궁평분기국사(전곡),R05786
백학분기국사(전곡),R05787
학곡분기국사(전곡),R05788
북삼분기국사(전곡),R05789
봉수분기국사(청평),R05825
조종분기국사(청평),R05826
상판분기국사(청평),R05827
화악분기국사(가평),R05828
도대분기국사(가평),R05829
여의도센터,Z00003
목동센터,Z00004
다도분기국사(나주),R06456
진원분기국사(장성),R06712
상림분기국사(장성),R06713
남면분기국사(장성),R06714
덕성분기국사(장성),R06715
서양분기국사(장성),R06716
동화분기국사(장성),R06717
삼서분기국사(장성),R06718
삼계분기국사(장성),R06719
덕산분기국사(장성),R06720
화산분기국사(장성),R06721
필암분기국사(장성),R06722
무계분기국사,R01057
장산분기국사(장성),R06723
신흥분기국사(장성),R06724
문암분기국사(장성),R06725
북이분기국사(장성),R06726
대악분기국사(장성),R06727
약수분기국사(장성),R06728
신성분기국사(장성),R06729
임곡분기국사(전남하남),R05580
등림분기국사(전남하남),R05581
동곡분기국사(송정),R05582
삼도분기국사(송정),R05583
대산분기국사(송정),R05584
군내분기국사(여수),R06382
적목분기국사(가평),R05830
백둔분기국사(가평),R05831
북면분기국사(가평),R05832
강상분기국사(양평),R05833
강하분기국사(양평),R05834
양수분기국사(양평),R05835
목왕분기국사(양평),R05836
옥천분기국사(양평),R05838
서종분기국사(양평),R05839
율하분기국사(김해),R08448
맥도분기국사(부산강서국사),R08472
부강분기국사(세종),R08475
녹양분기국사(의정부),R03724
덕계분기국사(양산),R07483
물금분기국사(양산),R07484
가산분기국사(양산),R07485
원동분기국사(양산),R07486
선리분기국사(양산),R07487
화제분기국사(양산),R07488
테크노분기국사(신탄진),R08365
덕계분기국사(청룡),R08391
지사분기국사(부산강서),R08404
동면분기국사(청룡),R08392
생철분기국사(김해),R07433
매리분기국사(김해),R07434
감노분기국사(김해),R07435
우계분기국사(김해),R07436
주중분기국사(김해),R07437
성북분기국사(유성),F00516
송강분기국사(신탄진),F00517
대화동분기국사(용전),F00518
동이분기국사(전곡),F00841
옥천국사,R02535
금성동분기국사(금정),R00952
고모분기국사(진영),R01064
신리분기국사(홍성),F01627
갈산분기국사(홍성),F01628
동성분기국사(홍성),F01629
구항분기국사(홍성),F01630
송암분기국사(태안),F01645
인평분기국사(태안),F01646
어은분기국사(태안),F01647
통도사분기국사(양산),F03161
임산분기국사(충북영동),F01349
남전분기국사(충북영동),F01350
묵정분기국사(충북영동),F01351
용화분기국사(충북영동),F01352
조동분기국사(충북영동),F01353
학산분기국사(충북영동),F01354
양산분기국사(충북영동),F01355
기호분기국사(충북영동),F01356
양백분기국사(진천),F01364
백곡분기국사(진천),F01365
이월분기국사(진천),F01367
광혜원분기국사(진천),F01368
신기분기국사(괴산),F01369
장내분기국사(증평),F01370
감물분기국사(괴산),F01371
하포분기국사(광양),R06459
초남분기국사(서광양),R06460
사곡분기국사(서광양),R06461
옥룡분기국사(서광양),R06462
수평분기국사(광양),R06463
섬거분기국사(옥곡),R06464
진월분기국사(옥곡),R06465
금동분기국사(옥곡),R06466
신원분기국사(옥곡),R06467
죽천분기국사(옥곡),R06468
장연분기국사(괴산),F01372
장암분기국사(괴산),F01373
연풍분기국사(괴산),F01374
칠성분기국사(괴산),F01375
청안분기국사(증평),F01381
도안분기국사(증평),F01382
방축분기국사(증평),F01383
이곡분기국사(괴산),F01384
오송분기국사(가경),R08453
목행분기국사(충주),F01241
주덕분기국사(충주),F01242
추평분기국사(충주),F01264
소태분기국사(충주),F01265
기암분기국사(청주),R02403
구촌분기국사(충북영동),R02485
청산분기국사(옥천),F01334
군서분기국사(옥천),F01336
군북분기국사(옥천),F01337
대정분기국사(옥천),F01338
구건분기국사(옥천),F01339
심원분기국사(충북영동),F01340
안면분기국사(태안),F01648
창기분기국사(태안),F01649
중장분기국사(태안),F01650
고남분기국사(태안),F01651
장유분실,R08068
종촌분기국사(세종),F01565
금남분기국사(세종),F01566
황룡분기국사(세종),F01567
북면분기국사(화순),R06580
양곡분기국사(세종),F01569
신동분기국사(죽교),R06587
삼산분기국사(죽교),R06588
대덕분기국사(죽교),R06589
신리분기국사(죽교),R06590
접정분기국사(장흥),R06591
용산분기국사(장흥),R06592
상발분기국사(장흥),R06593
장동분기국사(장흥),R06594
장평분기국사(장흥),R06595
임리분기국사(장흥),R06596
부산분기국사(장흥),R06597
진목분기국사(죽교),R06598
회진분기국사(죽교),R06599
월교분기국사(해남),R06612
충리분기국사(해남),R06613
화산분기국사(해남),R06614
북평분기국사(해남),R06624
북일분기국사(해남),R06625
전동분기국사(세종),F01570
보덕분기국사(세종),F01571
쌍청분기국사(세종),F01306
원봉분기국사(세종),R08481
소정분기국사(세종),R08482
갑천분기국사(횡성),R06005
춘당분기국사(횡성),R06006
청일분기국사(횡성),R06007
신대분기국사(횡성),R06008
부창분기국사(횡성),R06009
창봉분기국사(횡성),R06010
공근분기국사(횡성),R06011
서원분기국사(횡성),R06012
유현분기국사(횡성),R06013
금대분기국사(횡성),R06014
강림분기국사(횡성),R06015
부곡분기국사(횡성),R06016
삼옥분기국사(영월),R06017
연하분기국사(영월),R06018
방림분기국사(평창),R06044
계촌분기국사(평창),R06045
안미분기국사(평창),R06046
봉평분기국사(평창),R06047
용전분기국사(평창),R06049
속사분기국사(평창),R06050
진부분기국사(평창),R06051
두일분기국사(평창),R06052
상월분기국사(평창),R06053
마평분기국사(평창),R06054
유천분기국사(평창),R06055
횡계분기국사(평창),R06056
함백분기국사(신동),R06061
덕천분기국사(신동),R06062
서산국사,R02202
강릉국사,R03485
당포분기국사(해남),R06644
인지분기국사(해남),R06645
석호분기국사(해남),R06646
월송분기국사(완도),R06731
활목분기국사(완도),R06732
영풍분기국사(완도),R06734
당인분기국사(완도),R06736
월양분기국사(완도),R06737
약산분기국사(완도),R06738
백석분기국사(천안),F01415
전민분기국사(북대전),R08446
금당분기국사(녹동),R06743
서창분기국사(만수),R08429
신창분기국사(전남하남),R08437
연성분기국사(시흥),F00627
본양분기국사(송정),R05585
신촌분기국사(송정),R05586
검단분기국사(서인천),R00512
외연분기국사,F01486
덕적분기국사(송도),R05567
강동국사,R00445
부덕분기국사(나주),R06440
복정분기국사(모란),F00559
오계분기국사(나주),R06441
판교분기국사(분당),F00562
대장분기국사(수내),F00563
배알미분기국사(경기하남),F00633
상산분기국사(경기하남),F00634
망월분기국사(경기하남),F00635
항동분기국사(경기하남),F00636
가락국사,R00444
해룡분기국사(이천),F00683
송산분기국사(장호원),F00684
이황분기국사(장호원),F00685
남종분기국사(경광주),F00786
상번천분기국사(경광주),F00788
세지분기국사(나주),R06442
왕곡분기국사(나주),R06443
양중분기국사(완도),R06739
모도분기국사(완도),R06740
진산분기국사(완도),R06741
통리분기국사(완도),R06744
서변분기국사(동대구),R08430
금산분기국사(왜관),R08431
연암분기국사(양정),R08434
천상분기국사(울성남),R08439
진평분기국사(동구미),R08440
덕포분기국사(영월),R08435
효자분기국사(남전주),R08447
옥구분기국사(서군산),R03214
대야분기국사(동군산),R03219
가리분기국사(충북영동),F01341
부상분기국사(충북영동),F01343
황간분기국사(충북영동),F01344
추풍령분기국사(충북영동),F01345
매곡분기국사(충북영동),F01346
상도분기국사(충북영동),F01347
물한분기국사(충북영동),F01348
금사분기국사(여주),R00706
죽동분기국사(나주),R06444
반남분기국사(나주),R06445
공산분기국사(나주),R06446
동강분기국사(나주),R06447
연동분기국사(고창),R06349
용면분기국사(담양),R06480
심원분기국사(고창),R06350
흥덕분기국사(고창),R06351
동래국사,R00950
삼용분기국사(진천),F01366
중부국사,R00947
동부산국사,R00961
가평국사,R00780
남양주국사,R00640
용치분기국사(담양),R06481
대산분기국사(횡성),R08420
연덕분기국사(영월),R07780
도원분기국사(영월),R07781
계장분기국사(평창),R07782
월산분기국사(담양),R06482
태인분기국사(정읍),R03245
수북분기국사(담양),R06484
대치분기국사(담양),R06485
상송분기국사(고흥),R06537
동강분기국사(고흥),R06538
대서분기국사(고흥),R06539
(구)동부산집중국,A00961
(구)마산집중국,A00964
울산집중국,A01026
(구)김해집중국,A01044
(구)창원집중국,A01066
(구)남울산집중국,A01112
대구집중국,A01458
(구)수성집중국,A01460
(구)남대구집중국,A01462
(구)동대구집중국,A01465
(구)서대구집중국,A01488
(구)포항집중국,A01494
(구)안동집중국,A01580
(구)구미집중국,A01628
대전집중국,A02112
(구)서대전집중국,A02120
(구)둔산집중국,A02127
(구)천안집중국,A02131
(구)홍성집중국,A02280
(구)청주집중국,A02402
(구)충주집중국,A02414
(구)서청주집중국,A02466
광주집중국,A02590
(구)서광주집중국,A02597
(구)목포집중국,A02608
(구)순천집중국,A02700
(구)광산집중국,A02886
(구)전주집중국,A03151
혜화센터,Z00002
VPN운용과,Z00441
수도권무선네트워크운용단,R08463
경남무선네트워크운용단,R08464
경북무선네트워크운용단,R08465
호남무선네트워크운용단,R08466
충청무선네트워크운용단,R08467
운영테스트국사,R08483
두원분기국사(고흥),R06540
서안동국사,R01583
가상국사3,S00003
대연BBH,R08485
신월분기국사(괴산),F01376
청천분기국사(괴산),F01377
지경분기국사(괴산),F01378
덕평분기국사(괴산),F01379
송면분기국사(괴산),F01380
교동분기국사(공주),F01439
주미분기국사(공주),F01440
신기분기국사(공주),F01441
이인분기국사(공주),F01444
신흥분기국사(공주),F01445
탄천분기국사(공주),F01446
덕지분기국사(공주),F01447
계룡분기국사(공주),F01448
내흥분기국사(공주),F01449
동해분기국사(유구),F01442
추계분기국사(유구),F01443
수영국사,R00962
울릉국사,R01735
달성국사,R01980
화헌분기국사(공주),F01450
예천국사,R01991
상주국사,R01691
구미국사,R01628
신내국사,R03828
수서국사,R00453
사곡분기국사(유구),F01467
마곡분기국사(유구),F01468
청흥분기국사(유구),F01469
성두분기국사(고흥),R06541
동학사분기국사(유성),F01454
천북분기국사(광천),F01488
가야곡분기국사(연무),F01545
은진분기국사(연무),F01546
상가분기국사(금산),F01547
제원분기국사(금산),F01548
부리분기국사(금산),F01549
군북분기국사(금산),F01550
하점분기국사(강화),R05555
창후분기국사(강화),R05556
양사분기국사(강화),R05557
송해분기국사(강화),R05558
인사분기국사(강화),R05559
동산분기국사(강화),R05560
매음분기국사(강화),R05561
서도분기국사(강화),R05562
북포분기국사(백령도),R05565
운대분기국사(고흥),R06542
양사분기국사(고흥),R06543
산안분기국사(금산),F01551
음대분기국사(금산),F01552
하금분기국사(금산),F01553
건천분기국사(금산),F01554
진산분기국사(금산),F01555
복수분기국사(금산),F01556
신대분기국사(금산),F01557
추부분기국사(금산),F01558
신평분기국사(금산),F01559
내판분기국사(세종),F01560
덕곡분기국사(고령),R07209
운수분기국사(고령),R07210
성산분기국사(고령),R07211
다산분기국사(고령),R07212
송곡분기국사(고령),R07213
직동분기국사(고령),R07214
개진분기국사(고령),R07215
우곡분기국사(고령),R07216
연동분기국사(고령),R07217
용암분기국사(성주),R07222
창천분기국사(성주),R07230
자왕분기국사(부여),F01573
규암분기국사(부여),F01574
합정분기국사(부여),F01575
은산분기국사(부여),F01576
수봉분기국사(강서),R05502
명지분기국사(사하),R05503
가락분기국사(강서),R05504
미음분기국사(강서),R05505
천가분기국사(강서),R05506
황성분기국사(남울산),R05587
주전분기국사(동울산),R05588
정자분기국사(울산),R05589
당사분기국사(울산),R05590
화암분기국사(울산),R05591
반천분기국사(언양),R05592
반곡분기국사(언양),R05593
대청분기국사(백령도),R05566
영흥분기국사(인천),R05568
당진국사,R02348
두산분기국사(울성남),R05594
휴우면국사,R22222
송도분기국사(서포),R07723
선재분기국사(인천),R05569
서창분기국사(상무),R05573
대촌분기국사(상무),R05574
금곡분기국사(동광주),R05576
청옥분기국사(동광주),R05577
등촌분기국사(동광주),R05578
비아분기국사(전남하남),R05579
진하분기국사(온산),R05596
의령국사,R01382
팽성분기국사(평택),R00565
하당국사,R03825
안심국사,R01467
상주분기국사(남해),F03237
광시분기국사(예산),F03653
개봉분기국사(가학),R07734
청호분기국사,R07736
둔산분기국사(동촌),R05512
기지시분기국사(당진),F03654
시랑분기국사(기장),R05507
하근분기국사(일광),R05508
동면분기국사(양산),R05509
철마분기국사(기장),R05510
남양분기국사(고포),R07756
파계분기국사(동촌),R05514
웅상분기국사(양산),F03635
지묘분기국사(동촌),R05515
자은분기국사(양을산),F03613
신의분기국사(양을산),F03617
압해분기국사(양을산),F03620
곤지암분기국사(경광주),F03581
검복분기국사(성남),F03656
점동분기국사(여주),F03657
상품분기국사(여주),F03658
언양분기국사(등억),R07730
내도분기국사(고흥),R06544
낙성분기국사(벌교),R06545
칠동분기국사(벌교),R06546
국우분기국사(칠곡),R05516
화원분기국사(월배),R05517
논공분기국사(달성),R05518
산북분기국사(봉동),R06265
금당분기국사(봉동),R06266
화산분기국사(봉동),R06267
창원국사,R01066
미남국사,R00963
유성국사,R02128
용인국사,R00734
동상분기국사(동전주),R06268
위봉분기국사(동전주),R06269
가천분기국사(봉동),R06270
오천분기국사(진안),R06271
동향분기국사(진안),R06272
백운분기국사(진안),R06273
외궁분기국사(진안),R06274
마령분기국사(진안),R06275
연장분기국사(진안),R06276
부귀분기국사(진안),R06277
신정분기국사(진안),R06278
정천분기국사(진안),R06279
북창분기국사(임실),R06313
성수분기국사(임실),R06314
오수분기국사(임실),R06315
조월분기국사(임실),R06316
황전분기국사(북순천),R06424
월등분기국사(북순천),R06425
외동분기국사(북순천),R06426
창촌분기국사(북순천),R06427
압록분기국사(곡성),R06486
삼기분기국사(곡성),R06487
석곡분기국사(곡성),R06488
목사분기국사(곡성),R06489
죽곡분기국사(곡성),R06490
고달분기국사(곡성),R06491
옥과분기국사(곡성),R06492
입면분기국사(곡성),R06493
겸면분기국사(곡성),R06494
오산분기국사(곡성),R06495
청계분기국사(동안양),R05661
계산분기국사(구례),R06496
문척분기국사(구례),R06497
간전분기국사(구례),R06498
운천분기국사(구례),R06499
외곡분기국사(구례),R06500
환동분기국사(구례),R06501
평도분기국사(구례),R06502
마산분기국사(구례),R06503
운학분기국사(용인),R05662
상현분기국사(수지),R05663
공세분기국사(신갈),R05664
마북분기국사(신갈),R05665
살미분기국사(충주),F01243
공이분기국사(충주),F01244
수안보분기국사(충주),F01245
수회분기국사(충주),F01246
이류분기국사(충주),F01247
소용분기국사(충주),F01248
신니분기국사(충주),F01249
엄정분기국사(충주),F01263
개신분기국사(가경),R05001
봉명분기국사(서청주),R05002
가주분기국사(충주),F01240
산내분기국사(건천),R06859
우목분기국사(북포항),R06815
용흥분기국사(담양),R06483
동백분기국사(신갈),R05666
포곡분기국사(용인),R05667
장성분기국사(흥해),R06816
칠포분기국사(흥해),R06817
이인분기국사(흥해),R06818
신광분기국사(북포항),R06819
반곡분기국사(흥해),R06820
청하분기국사(북포항),R06821
중산분기국사(흥해),R06822
송라분기국사(북포항),R06823
지경분기국사(흥해),R06824
기계분기국사(북포항),R06825
가사분기국사(흥해),R06826
주치분기국사(충주),F01266
자작분기국사(제천),F01267
죽장분기국사(북포항),R06827
정자분기국사(흥해),R06828
상사분기국사(흥해),R06829
합덕분기국사(흥해),R06830
현내분기국사(흥해),R06831
상옥분기국사(흥해),R06832
용기분기국사(북포항),R06833
광명분기국사(경주),R06834
동방분기국사(경주),R06835
황성분기국사(경주),R06836
불국사분기국사(경주),R06837
보문분기국사(경주),R06838
암곡분기국사(경주),R06839
노곡분기국사(경주),R06853
이조분기국사(경주),R06854
용장분기국사(경주),R06855
감산분기국사(건천),R06856
내칠분기국사(건천),R06857
일부분기국사(건천),R06858
우라분기국사(건천),R06860
봉양분기국사(제천),F01268
명도분기국사(제천),F01269
구학분기국사(제천),F01270
구곡분기국사(제천),F01271
금성분기국사(제천),F01272
양화분기국사(제천),F01273
활산분기국사(제천),F01274
청풍분기국사(제천),F01275
수산분기국사(제천),F01276
수리분기국사(제천),F01277
상천분기국사(제천),F01278
도전분기국사(제천),F01279
탄지분기국사(제천),F01280
월악분기국사(제천),F01281
도기분기국사(제천),F01282
한수분기국사(제천),F01283
수철분기국사(영주),R06962
석포분기국사(영주),R06963
휴천분기국사(영주),R06964
오운분기국사(영주),R06965
금광분기국사(영주),R06966
영은분기국사(영주),R06967
적동분기국사(영주),R06968
월호분기국사(영주),R06969
반구분기국사(영주),R06970
성곡분기국사(영주),R06971
안정분기국사(영주),R06972
동촌분기국사(영주),R06973
봉현분기국사(영주),R06974
순흥분기국사(영주),R06975
단산분기국사(영주),R06976
좌석분기국사(영주),R06977
부석분기국사(영주),R06979
신촌분기국사(청송),R07149
부남분기국사(청송),R07134
구천분기국사(청송),R07135
중기분기국사(청송),R07136
눌인분기국사(청송),R07137
현동분기국사(청송),R07138
수락분기국사(청송),R07139
월정분기국사(청송),R07140
안덕분기국사(청송),R07141
노래분기국사(청송),R07142
지소분기국사(청송),R07143
파천분기국사(청송),R07144
신흥분기국사(청송),R07145
지경분기국사(청송),R07146
진보분기국사(청송),R07147
추현분기국사(청송),R07148
매정분기국사(영덕),R07169
창포분기국사(영덕),R07170
강구분기국사(영덕),R07171
남정분기국사(영덕),R07172
남호분기국사(영덕),R07174
달산분기국사(영덕),R07175
오촌분기국사(영덕),R07190
사기분기국사(당진),F01663
해창분기국사(당진),F01664
남신분기국사(태안),F01652
신온분기국사(태안),F01653
근흥분기국사(태안),F01654
안흥분기국사(태안),F01655
소원분기국사(태안),F01656
의항분기국사(태안),F01657
만리분기국사(태안),F01658
원북분기국사(태안),F01659
방갈분기국사(태안),F01660
내리분기국사(태안),F01661
이원분기국사(태안),F01662
도화분기국사(보령),F01496
성주분기국사(보령),F01497
주포분기국사(보령),F01498
고정분기국사(보령),F01499
염치분기국사(아산),F01500
송악분기국사(아산),F01501
중리분기국사(아산),F01502
모산분기국사(아산),F01503
탕정분기국사(아산),F01504
남성현분기국사(청도),R07192
음봉분기국사(아산),F01505
쌍용분기국사(아산),F01506
산동분기국사(아산),F01507
동암분기국사(아산),F01508
둔포분기국사(아산),F01509
영인분기국사(아산),F01510
식도분기국사,R06375
목동국사,R00436
영월국사,R03538
고대분기국사(당진),F01665
석문분기국사(당진),F01666
분당국사,R00603
대호분기국사(당진),F01668
적서분기국사(당진),F01669
백운분기국사(제천),F01284
산외분기국사(보은),F01325
장갑분기국사(보은),F01326
동이분기국사(옥천),F01327
우산분기국사(옥천),F01328
안남분기국사(옥천),F01329
안내분기국사(옥천),F01330
용촌분기국사(옥천),F01331
청성분기국사(옥천),F01332
화성분기국사(옥천),F01333
신화분기국사(아산),F01511
인주분기국사(아산),F01512
선장분기국사(아산),F01513
도고분기국사(아산),F01514
신유분기국사(아산),F01515
송공분기국사(양을산),R06796
수연분기국사(양을산),R06797
지곡분기국사(포항),R06798
구룡포분기국사(포항),R06799
오목분기국사(아산),F01516
행목분기국사(아산),F01517
이원분기국사(옥천),F01335
순창국사,R03356
무주국사,R03394
서청주국사,R02466
광주하남국사,R02893
여수국사,R02667
장암분기국사(벌교),R06547
호동분기국사(벌교),R06548
장도분기국사(벌교),R06549
노동분기국사(보성),R06550
거석분기국사(보성),R06551
제주고산국사,R03792
남부산국사,R00954
계룡국사,R02392
청송국사,R01804
청주국사,R02402
논산국사,R02290
미력분기국사(보성),R06552
겸백분기국사(보성),R06553
남양분기국사(보성),R06554
율어분기국사(보성),R06555
복내분기국사(보성),R06556
함창국사,R01726
봉화국사,R01905
서문경국사,R01796
보은국사,R02509
선산국사,R02104
대전국사,R02112
금곡국사,R00166
왜관국사,R01843
진도국사,R03043
보성국사,R02872
벌교국사,R03130
무안국사,R02856
고산국사,R01461
영통국사,R03850
동대구국사,R01465
화순국사,R03107
장천분기국사(보성),R06557
용암분기국사(보성),R06558
문덕분기국사(보성),R06559
연평분기국사(송도),R08157
화정분기국사(안산),R08163
도초분기국사(양을산),R08204
운암분기국사(북광주),R08285
호암분기국사(나주),R08374
읍동분기국사(양을산),R08375
흑산분기국사(양을산),R07997
의왕국사,R00601
서귀포국사,R03781
이천분기국사(여천),R06394
서촌분기국사(여천),R06395
중흥분기국사(여천),R06379
묘도분기국사(여천),R06380
진례분기국사(여천),R06381
고금분기국사(완도),F02340
가교분기국사(완도),F02342
청산분기국사(완도),F02345
소안분기국사(완도),F02348
태안국사,R02366
보길분기국사(완도),F02353
작금분기국사(여수),R06384
광천국사,R02393
대율분기국사(여수),R06385
죽포분기국사(여수),R06386
월암분기국사(여수),R06387
굴전분기국사(여수),R06388
우두분기국사(여수),R06389
덕양분기국사(여천),R06390
율촌분기국사(여천),R06391
연도분기국사(동여수),R06400
화정분기국사(여천),R06403
월호도분기국사(동여수),R06404
개도분기국사(동여수),R06405
낭도분기국사(동여수),R06407
거문도분기국사(동여수),R06410
초도분기국사(동여수),R06411
인안분기국사(순천),R06413
승주분기국사(북순천),R06414
도정분기국사(북순천),R06415
해룡분기국사(동순천),R06416
노월분기국사(동순천),R06417
신촌분기국사(북순천),R06418
산정분기국사(북순천),R06419
구상분기국사(북순천),R06420
판교분기국사(북순천),R06421
괴목분기국사(북순천),R06422
비촌분기국사(구례),R06423
옥천분기국사(해남),R06626
다산분기국사(해남),R06627
장소분기국사(해남),R06628
계곡분기국사(해남),R06629
가학분기국사(해남),R06630
마산분기국사(해남),R06631
영산국사,R01283
와등분기국사(해남),R06632
증의분기국사(해남),R06633
황산분기국사(해남),R06634
노송분기국사(해남),R06635
산이분기국사(해남),R06636
번등분기국사(해남),R06637
금호분기국사(해남),R06638
성만분기국사(해남),R06639
문내분기국사(해남),R06640
고당분기국사(해남),R06641
마천분기국사(해남),R06643
선창분기국사(완도),R06745
생일분기국사(완도),R06746
수유분기국사(진도),R06747
나리분기국사(진도),R06748
군내분기국사(진도),R06749
고군분기국사(진도),R06750
금계분기국사(진도),R06751
가상국사1,S00001
의신분기국사(진도),R06752
초중분기국사(진도),R06753
접도분기국사(진도),R06754
용호분기국사(진도),R06755
남악분기국사(하당),R08444
주암분기국사(북순천),R06428
송광분기국사(북순천),R06429
영봉분기국사(북순천),R06430
외서분기국사(북순천),R06431
낙안분기국사(북순천),R06432
금산분기국사(북순천),R06433
별량분기국사(순천),R06434
구룡분기국사(순천),R06435
가상국사7,S00007
군포국사,R00599
담양국사,R02824
옥곡국사,R02846
봉덕국사,R01480
장수국사,R03410
개령분기국사(순천),R06436
용계분기국사(순천),R06437
쌍지분기국사(순천),R06438
상사분기국사(순천),R06439
마산분기국사(남양),R05746
안천분기국사(진안),R07828
제부분기국사(남양),R05749
상전분기국사(진안),R07829
논곡분기국사(장수),R07831
원효국사,R00434
좌운분기국사(홍천),R07775
삼성분기국사(온수),R07712
대곡분기국사(홍천),R07776
창곡분기국사(발안),R05750
인화분기국사(강화),R07713
삼산분기국사(강화),R07714
용산1분기국사(춘천),R07770
독정분기국사(조암),R05751
신동분기국사(남춘천),R07771
북방분기국사(홍천),R07777
화전분기국사(기장),R07701
동중분기국사(전곡),R07761
신팔분기국사(포천),R07762
운산분기국사(포천),R07763
고소성분기국사(포천),R07764
수입분기국사(포천),R07765
대성분기국사(청평),R07766
마일분기국사(청평),R07767
대보분기국사(청평),R07768
명성분기국사(양평),R07769
지암분기국사(춘천),R07772
은평국사,R00422
부산국사,R08494
경호도분기국사(동여수),R07837
장안분기국사(조암),R05752
금의분기국사(조암),R05753
노진분기국사(조암),R05754
호곡분기국사(조암),R05755
매향분기국사(조암),R05756
상신분기국사(발안),R05757
갈천분기국사(발안),R05758
양감분기국사(발안),R05759
동순천국사,R03829
영등포국사,R00431
흥해국사,R01527
함양국사,R01353
귤암분기국사(정선),R07784
고한2분기국사(사음),R07785
낙동분기국사(사음),R07786
범물국사,R01487
천도분기국사(인제),R07788
하양혈분기국사(양양),R07790
두정분기국사(천안),R07791
증도분기국사(양을산),R08061
운두령분기국사(홍천),R07778
효돈분기국사(서귀포),R08071
현도분기국사(세종),R08476
장암분기국사(세종),R08477
삼성분기국사(신갈),R08075
운봉분기국사(남원),R07822
대교분기국사(세종),R08478
반포분기국사(세종),R08479
가거분기국사(양을산),R08063
정남분기국사(발안),R05760
용현분기국사(세종),R08480
통영국사,R01071
사강분기국사(남양),R05744
교포분기국사(안중),R05623
죽리분기국사(안중),R05624
청북분기국사(안중),R05625
한산분기국사(안중),R05626
내기분기국사(안중),R05627
도곡분기국사(안중),R05628
원정분기국사(안중),R05629
회현분기국사(서군산),R07813
월성분기국사(김제),R07824
고산분기국사(봉동),R07826
만호분기국사(안중),R05630
덕목분기국사(안중),R05631
권관분기국사(안중),R05632
백안분기국사(동촌),R05513
백암분기국사(용인),R07750
봉계분기국사(언양),R05601
내와분기국사(언양),R05602
두서분기국사(언양),R05603
이천분기국사(언양),R05604
대방국사,R00425
영암국사,R02933
병지방분기국사(횡성),R07779
대불국사,R02942
예산국사,R02251
볼음분기국사(강화),R07719
소청분기국사(백령도),R07722
반월분기국사(동안산),R07740
선감분기국사(인천),R07741
사음국사,R03584
삼척국사,R03524
용수분기국사(북순천),R08181
안양분기국사(장흥),R08182
석남사분기국사(언양),R05605
소호분기국사(언양),R05606
다인분기국사(안계),R07121
양서분기국사(안계),R07122
삽교국사,R02262
교안분기국사(안계),R07123
안평분기국사(의성),R07124
석탑분기국사(의성),R07125
중화분기국사(안계),R07126
안사분기국사(안계),R07127
쌍호분기국사(안계),R07128
자농분기국사(용인),R08076
목포국사,R02608
혜화국사,R00441
만선분기국사(무주),R07830
현대분기국사(신갈),R08078
용전분기국사(영천),R08319
신구수분기국사(안성),R08077
서생분기국사(온산),R07726
위양분기국사(온산),R07728
웅촌분기국사(서울산),R07729
포승분기국사(안중),R07738
홍원분기국사(안중),R07739
초중분기국사(증평),F03655
하북분기국사(송탄),R07737
쌍류분기국사(세종),F01561
신대분기국사(세종),F01562
봉암분기국사(세종),F01563
연기분기국사(세종),F01564
월곶분기국사(시흥),R07745
갈촌분기국사(동진주),R07895
일패분기국사(남양주),R07742
청호분기국사(송탄),R07744
수청분기국사(경광주),R07757
진상분기국사(전곡),R07760
오이도분기국사(시화),R07746
하조분기국사(진도),R07867
월래분기국사(여천),R07838
풍유분기국사(여천),R07839
화양분기국사(여천),R07841
태인분기국사(광양),R07842
봉강분기국사(서광양),R07843
죽전분기국사(옥곡),R07844
무학분기국사(성주),R07233
대가분기국사(성주),R07234
봉학분기국사(성주),R07235
벽진분기국사(성주),R07236
소성분기국사(성주),R07238
모산분기국사(성주),R07241
길안분기국사(안동),R06929
송사분기국사(안동),R06930
묵계분기국사(안동),R06931
구수분기국사(안동),R06932
임동분기국사(안동),R06933
위동분기국사(안동),R06935
중앙분기국사(안성),R08380
신서분기국사(경주),R07873
원달분기국사(곡성),R07845
신정관분기국사(일광),R08492
연다산분기국사(파주),R07752
박달분기국사(경주),R07874
화목분기국사(청송),R07890
원황분기국사(영덕),R07891
송정국사,R02894
장곡분기국사(통영),R07902
요고분기국사(밀양),R07907
죽곡분기국사(진해),R07900
나동분기국사(동진주),R07896
원주국사,R03424
홍천국사,R03716
호계국사,R00600
칠곡국사,R01476
진해국사,R01033
철원국사,R03748
삼계분기국사(안동),R06936
원천분기국사(서안동),R06937
도산분기국사(서안동),R06939
예안분기국사(서안동),R06940
녹전분기국사(서안동),R06941
상모분기국사(구미공단),R06944
오태분기국사(구미공단),R06945
신동분기국사(동구미),R06946
양포분기국사(동구미),R06947
파산분기국사(선산),R06948
대방분기국사(선산),R06949
문성분기국사(구미),R06950
무을분기국사(선산),R06951
신령분기국사(영천),R06985
삼부분기국사(영천),R06986
자천분기국사(영천),R06988
삼창분기국사(영천),R06990
보현분기국사(영천),R06991
자양분기국사(영천),R06992
임고분기국사(영천),R06993
장가분기국사(영산),R07913
대사분기국사(동진주),R07897
원내분기국사(동진주),R07898
원계분기국사(동진주),R07899
북김해분기국사(김해),R07904
퇴례분기국사(진영),R07905
내석분기국사(양주),R07911
진주국사,R00991
비봉분기국사(보성),R07846
풍암분기국사(화순),R07847
덕포국사,R00960
망성분기국사(경주),R07872
부여국사,R02217
임북분기국사(합천),R07923
동해국사,R03507
삼매분기국사(영천),R06994
화천국사,R03628
북평국사,R03514
망운분기국사(무안),R07855
순천국사,R02700
주포분기국사(함평),R07857
수항분기국사(양을산),R07869
안좌분기국사(양을산),R07870
사안분기국사(장흥),R07848
조양분기국사(장흥),R07850
봉덕분기국사(장흥),R07851
성산분기국사(해남),R07853
죽청분기국사(완도),R07859
정도분기국사(완도),R07860
넙도분기국사(완도),R07861
군외분기국사(완도),R07862
세동분기국사(완도),R07863
장용분기국사(완도),R07864
사동분기국사(영천),R06995
단포분기국사(영천),R06996
고경분기국사(영천),R06997
석계분기국사(영천),R06998
명주분기국사(영천),R06999
북안분기국사(영천),R07000
유하분기국사(영천),R07001
오길분기국사(영천),R07002
대창분기국사(영천),R07003
화개분기국사(상주),R07004
남적분기국사(상주),R07005
남장분기국사(상주),R07006
신흥분기국사(함창),R07007
유동분기국사(예천),R07266
보문분기국사(예천),R07267
독양분기국사(예천),R07268
월포분기국사(예천),R07269
담암분기국사(예천),R07270
중평분기국사(예천),R07271
가동분기국사(예천),R07272
위미분기국사(제주남원),R07932
광평분기국사(모슬포),R07933
통영분기국사(장사도),R08142
진해분기국사(계도),R08143
여수분기국사(소경도),R08249
고흥분기국사(죽도),R08250
용궁분기국사(예천),R07273
진도분기국사(내병도),R08251
진도분기국사(소성남),R08252
동여수분기국사(나발),R08257
완도분기국사(백일도),R08258
고흥분기국사(상화도),R08259
고천분기국사(안동),R06934
대은분기국사(예천),R07274
덕계분기국사(예천),R07275
경진분기국사(예천),R07276
개포분기국사(예천),R07277
지보분기국사(예천),R07278
도화분기국사(예천),R07279
어신분기국사(예천),R07280
서면분기국사(울릉),R07334
태하분기국사(울릉),R07335
만화분기국사(예천),R07281
천부분기국사(울릉),R07336
현포분기국사(울릉),R07337
우망분기국사(예천),R07282
풍양분기국사(예천),R07283
삼귀분기국사(창원),R07338
완도분기국사(장도),R08260
완도분기국사(어룡도),R08261
완도분기국사(죽굴도),R08262
목포분기국사(시하도),R08263
하동분기국사(청학),R08147
통영분기국사(납도),R08148
송도분기국사(승봉),R08155
숭의분기국사(풍도),R08156
여수분기국사(자봉도),R08164
완도분기국사(구도),R08165
완도분기국사(다랑도),R08166
장흥분기국사(유치),R08199
여수분기국사(광도),R08201
진도분기국사(의신모),R08205
진도분기국사(양덕도),R08206
목포분기국사(백야도),R08207
목포분기국사(기도),R08208
전농국사,R00427
동두천국사,R00617
합덕국사,R02399
용전국사,R02125
양곡분기국사(창원),R07339
도촌분기국사(봉화),R07284
법원리국사,R00874
목포분기국사(대노록),R08209
진도분기국사(굴포도),R08210
해남분기국사(녹도),R08211
완도분기국사(부도),R08212
완도분기국사(섭도),R08213
완도분기국사(마안도),R08214
진도분기국사(광도),R08215
목포분기국사(마산도),R08216
목포분기국사(하태도),R08217
연수국사,R00922
물야분기국사(봉화),R07285
화정분기국사(의령),R07492
화양분기국사(의령),R07493
가미분기국사(의령),R07494
운곡분기국사(의령),R07495
중교분기국사(의령),R07496
백곡분기국사(의령),R07497
여수분기국사(사도),R08218
진도분기국사(청등도),R08219
지정분기국사(의령),R07498
성산분기국사(의령),R07499
백산분기국사(의령),R07500
전화분기국사(의령),R07501
목포분기국사(초란도),R08220
목포분기국사(외안도),R08221
목포분기국사(담박도),R08222
목포분기국사(수도),R08223
목포분기국사(영산도),R08224
목포분기국사(율도),R08225
동목포분기국사(읍동),R08226
동여수분기국사(제도),R08227
여수분기국사(조발도),R08228
고흥분기국사(진지도),R08229
여수분기국사(평도),R08230
양정국사,R01032
거제국사,R01225
양양국사,R03702
북대전국사,R02362
평창국사,R03590
오산국사,R00626
수내국사,R00605
신반분기국사(의령),R07502
익구분기국사(의령),R07503
봉수분기국사(의령),R07504
유곡분기국사(의령),R07505
강명분기국사(함안),R07506
군북분기국사(함안),R07507
사촌분기국사(함안),R07508
월촌분기국사(함안),R07509
여수분기국사(수황도),R08231
완도분기국사(대장구),R08232
진도분기국사(죽항도),R08233
목포분기국사(탄도),R08234
목포분기국사(평사도),R08235
완도분기국사(넙도),R08236
벌교분기국사(지주도),R08237
여수분기국사(상화도),R08238
여천분기국사(삼간),R08239
완도분기국사(초완도),R08240
완도분기국사(여서),R08242
완도분기국사(동화도),R08243
진도분기국사(슬도),R08244
목포분기국사(문병도),R08245
목포분기국사(중태도),R08246
진도분기국사(맹골죽),R08247
영광분기국사(각이도),R08248
목포분기국사(계도),R08265
목포분기국사(부남도),R08266
해남분기국사(중마도),R08268
여수분기국사(추도),R08269
완도분기국사(모항도),R08270
완도분기국사(원도),R08271
진도분기국사(눌옥도),R08272
목포분기국사(요력도),R08273
목포분기국사(부소도),R08274
목포분기국사(마진도),R08275
목포분기국사(대기도),R08303
목포분기국사(고사도),R08276
영광분기국사(석만),R08277
영광분기국사(각시),R08278
구례분기국사(심원),R08279
윤내분기국사(함안),R07510
문현분기국사(함안),R07511
구혜분기국사(함안),R07512
칠서분기국사(칠원),R07513
봉촌분기국사(칠원),R07514
수식분기국사(봉화),R07286
동양분기국사(봉화),R07287
법전분기국사(봉화),R07288
완도분기국사(흑일도),R08280
해남분기국사(삼마도),R08281
목포분기국사(상태도),R08282
목포분기국사(용출),R08283
완도분기국사(허우),R08284
고흥분기국사(수락도),R08286
해남분기국사(중의),R08288
완도분기국사(우도),R08289
완도분기국사(노록도),R08290
완도분기국사(예작도),R08291
유원분기국사(칠원),R07516
산인분기국사(함안),R07517
가상국사5,S00005
파천분기국사(김천),R06897
대덕분기국사(김천),R06898
김제국사,R03251
증산분기국사(김천),R06899
강남분기국사(서안동),R06901
풍산분기국사(서안동),R06902
회곡분기국사(서안동),R06903
옥성분기국사(선산),R06952
옥관분기국사(선산),R06953
덕촌분기국사(선산),R06954
궁기분기국사(동구미),R06955
해평분기국사(동구미),R06956
산동분기국사(동구미),R06957
목포분기국사(화도),R08292
목포분기국사(장병도),R08293
목포분기국사(만재도),R08294
진도분기국사(장도),R08295
여수분기국사(가장),R08296
여수분기국사(금죽도),R08297
고흥분기국사(미덕),R08298
여수분기국사(부도),R08299
완도분기국사(황재도),R08300
진도분기국사(갈목도),R08301
진도분기국사(상구자),R08302
벌교분기국사(해도),R08304
군산분기국사(야미도),R08305
군산분기국사(관리도),R08306
군산분기국사(명도),R08308
신제주분기국사(횡간도),R08309
광진국사,R00428
남양국사,R00809
화전국사,R03827
홍제국사,R00413
고성분기국사(자란도),R08355
여수분기국사(구봉산),R08357
여수분기국사(동도),R08358
장천분기국사(동구미),R06958
금산분기국사(동구미),R06959
중동분기국사(상주),R07008
신암분기국사(상주),R07009
사벌분기국사(상주),R07010
퇴강분기국사(상주),R07011
남천안국사,R02151
일산국사,R00598
보령국사,R02314
남광주분기국사(주월간),R08359
진도분기국사(맹골곽),R08361
목포분기국사(허사),R08362
군산분기국사(방축도),R08363
당진분기국사(도비도),R08364
목포분기국사(외달도),R08367
진도분기국사(불도),R08368
목포분기국사(서우이도),R08369
군산분기국사(두리도),R08372
군산분기국사(말도),R08399
신제주분기국사(추포도),R08312
공주분기국사(신풍),R08313
당진분기국사(소난),R08314
당진분기국사(행담),R08315
우산분기국사(상주),R07012
공항국사,R00456
도남분기국사(상주),R07013
홍성분기국사(죽도),R08317
저도분기국사(진해),R08321
삼천포분기국사(수우도),R08354
진도분기국사(하구자),R08167
목포분기국사(율도),R08168
목포분기국사(어의도),R08169
여천분기국사(소늑도),R08170
진도분기국사(죽도),R08171
여수분기국사(거문),R08172
완도분기국사(재원),R08173
진도분기국사(맹골),R08174
진도분기국사(독거도),R08175
진도분기국사(조모도),R08176
목포분기국사(소갈도),R08177
목포분기국사(신도),R08179
여수분기국사(대경도),R08180
여수분기국사(둔병도),R08183
목포분기국사(소악도),R08184
여천분기국사(송도),R08185
여수분기국사(야도),R08186
진도분기국사(진목도),R08187
여수분기국사(화태도),R08188
완도분기국사(서화도),R08189
완도분기국사(마삭도),R08190
목포분기국사(우곳도),R08191
목포분기국사(칠발도),R08192
목포분기국사(사치도),R08193
여천분기국사(대늑도),R08194
진도분기국사(주지도),R08253
목포분기국사(박지도),R08254
목포분기국사(장도),R08255
동여수분기국사(하황),R08256
비양도 SRSS,R08070
서인천분기국사(검단1,R07711
강화분기국사(미법),R07716
춘천분기국사(방하),R07773
홍천분기국사(속초),R07774
평창분기국사(면온),R07783
속초분기국사(교암),R07789
천안분기국사(병천),R07792
보령분기국사(허육도),R07793
보령분기국사(추도),R07794
보령분기국사(효자도),R07795
보령분기국사(월도),R07796
보령분기국사(육도),R07797
보령분기국사(소도),R07798
보령분기국사(삽시도),R07799
보령분기국사(장고도),R07800
보령분기국사(고대도),R07801
보령분기국사(녹도),R07802
보령분기국사(호도),R07803
보령분기국사(외연도),R07804
보령분기국사(평라),R07805
서산분기국사(고파도),R07806
서천분기국사(유부도),R07807
당진분기국사(난지도),R07808
군산분기국사(연도),R07814
군산분기국사(신시도),R07816
군산분기국사(비안도),R07817
옥천분기국사(영산),R08136
상둔분기국사(거제),R08137
군산분기국사(죽도),R07818
고창분기국사(죽도),R07833
부안분기국사(하왕등도),R07834
목포분기국사(달동),R07835
목포분기국사(율도),R07836
여천분기국사(봉두),R07840
장흥분기국사(수문),R07849
해남분기국사(용동),R07852
목포분기국사(평산),R07854
무안분기국사(신정),R07856
영광분기국사(송이),R07858
완도분기국사(덕우도),R07865
진도분기국사(접도SR),R07866
목포분기국사(재원),R07868
서안동분기국사(명동),R07880
통영분기국사(오곡도),R07901
통영분기국사(소매물),R07903
장승포분기국사(능포),R07908
거제분기국사(이수),R07910
상리분기국사(고성),R08149
옥종분기국사(하동),R08151
안하분기국사(진영),R08140
녹산공단분기국사(강서),R08152
마라분기국사(모슬포),R07931
노화분기국사(완도),R08202
당내분기국사(여천),R08203
제철분기국사(광양),R08287
봉월분기국사(남울산),R08145
구갈분기국사(신갈),R08379
성안분기국사(울성남),R08371
기아분기국사(조암),R08378
고기리분기국사(수지),R08390
평창분기국사(평창),R08383
조동분기국사(평창),R08394
재산분기국사(평창),R08395
무이분기국사(평창),R08396
수항분기국사(평창),R08397
월정분기국사(평창),R08398
두촌분기국사(홍천),R08381
동면분기국사(홍천),R08382
공단분기국사(서군산),R08307
조촌분기국사(군산),R08373
중촌분기국사(대전),R08412
소치분기국사(인제),R08089
남전분기국사(인제),R08093
인제분기국사(덕적),R08085
인제분기국사(갑둔),R08088
인제분기국사(토현),R08092
홍천분기국사(운두),R08094
경주분기국사(황룡),R08095
군위분기국사(봉산),R08097
동촌분기국사(도동),R08101
서안동분기국사(산야),R08103
군위분기국사(중산),R08107
청도분기국사(성곡),R08109
경주분기국사(석읍),R08112
군위분기국사(광현),R08121
통영분기국사(가왕도),R08126
통영분기국사(국도),R08127
통영분기국사(죽도),R08131
교동분기국사(서강릉),R08400
장덕분기국사(주문진),R08086
천진분기국사(속초),R08083
노곡분기국사(삼척),R08084
백촌분기국사(속초),R08087
매지분기국사(남원주),R08416
우용분기국사(횡성),R08421
송정분기국사(평창),R08423
송도분기국사(소야),R07724
남울산분기국사(무거),R07725
울산분기국사(두산),R07727
분당분기국사(신판교),R07731
동의정부분기국사(금오),R07732
개봉분기국사(오류),R07733
신마석분기국사(남양주),R07743
호계분기국사(당정),R07747
신갈분기국사(구공세),R07749
동두천분기국사(신은현),R07758
상조분기국사(진도),R07994
도항분기국사(함안),R08403
상진부분기국사(평창),R08424
월현분기국사(횡성),R08426
청태분기국사(횡성),R08427
용평분기국사(평창),R08082
대명분기국사(홍천),R08090
후평분기국사(춘천),R08425
봉동국사,R03183
동전주국사,R03162
전주국사,R03151
팔복국사,R03180
쌍청분기국사(가경),R08406
연수분기국사(충주),R08407
상촌분기국사(상주),R07014
낙동분기국사(상주),R07015
신오분기국사(상주),R07016
청리분기국사(상주),R07017
청상분기국사(상주),R07018
옥산분기국사(상주),R07019
명전분기국사(문경),R07064
동두천분기국사(신신산),R07759
삼천포분기국사(마도),R08133
고흥분기국사(무학),R08195
진도분기국사(성남도),R08196
진도분기국사(독거혈),R08197
목포분기국사(우목도),R08198
동군산국사,R03218
기장국사,R01450
마성분기국사(서문경),R07065
농암분기국사(서문경),R07066
사현분기국사(서문경),R07067
청천분기국사(하양),R07069
진량분기국사(하양),R07070
선화분기국사(하양),R07071
다문분기국사(하양),R07072
계당분기국사(하양),R07073
와촌분기국사(하양),R07074
신한분기국사(하양),R07075
신남분기국사(남양),R08468
검단분기국사(서울산),R08486
방어진분기국사(동울산),R04001
백운분기국사(왜관),R07244
오산분기국사(왜관),R07245
낙산분기국사(왜관),R07246
동명분기국사(왜관),R07247
기성분기국사(왜관),R07248
다부분기국사(왜관),R07249
용수분기국사(왜관),R07250
가상국사0,S00000
천평분기국사(왜관),R07251
하판분기국사(왜관),R07252
중리분기국사(왜관),R07253
석적분기국사(왜관),R07254
반계분기국사(왜관),R07255
북삼분기국사(왜관),R07256
약목분기국사(왜관),R07257
죽전분기국사(왜관),R07258
금당분기국사(예천),R07259
원류분기국사(예천),R07260
사곡분기국사(예천),R07261
석묘분기국사(예천),R07262
하리분기국사(예천),R07263
감천분기국사(예천),R07264
천향분기국사(예천),R07265
임기분기국사(봉화),R07296
분천분기국사(봉화),R07300
재산분기국사(봉화),R07301
명호분기국사(봉화),R07304
대현분기국사(봉화),R07308
반동분기국사(마산),R07349
원전분기국사(마산),R07350
내포분기국사(마산),R07348
범서분기국사(울성남),R01024
장천분기국사(진해),R01034
매암분기국사(남울산),R01113
쌍림분기국사(고령),R07218
월막분기국사(고령),R07219
도흥분기국사(성주),R07220
선남분기국사(성주),R07221
마월분기국사(성주),R07223
백운분기국사(성주),R07225
수륜분기국사(성주),R07226
계정분기국사(성주),R07228
보월분기국사(성주),R07229
금수분기국사(성주),R07232
공단분기국사(달성),R05519
다사분기국사(성서),R05520
용계분기국사(상동),R05521
정대분기국사(상동),R05522
삼산분기국사(상동),R05523
동곡분기국사(성서),R05524
반송분기국사(달성),R05525
옥포분기국사(달성),R05526
외동분기국사(달성),R05527
용봉분기국사(달성),R05528
칠곡분기국사(의령),F03163
상동국사,R01481
수성국사,R01460
당동분기국사(의령),F03181
법수분기국사(함안),F03186
금어분기국사(용인),R05668
신원분기국사(용인),R05669
모현분기국사(용인),R05670
안동국사,R01580
동울산국사,R01129
진북국사,R00970
온수국사,R00860
능원분기국사(용인),R05671
남사분기국사(용인),R05672
봉명분기국사(용인),R05673
아곡분기국사(용인),R05674
석병분기국사(포항),R06800
구평분기국사(포항),R06801
연일분기국사(포항),R06802
유강분기국사(포항),R06803
문충분기국사(오천),R06804
공수분기국사(포항),R06805
송동분기국사(포항),R06806
약전분기국사(포항),R06807
마산분기국사(오천),R06808
공당분기국사(오천),R06809
장기분기국사(포항),R06810
계원분기국사(오천),R06811
학계분기국사(오천),R06812
정천분기국사(오천),R06813
대보분기국사(포항),R06814
직지사분기국사(김천),R06885
광기분기국사(김천),R06887
조마분기국사(김천),R06888
대방분기국사(김천),R06889
양각분기국사(김천),R06890
구성분기국사(김천),R06892
지례분기국사(김천),R06893
신평분기국사(김천),R06894
유촌분기국사(김천),R06895
죽전분기국사(서안동),R06904
오미분기국사(서안동),R06906
와룡분기국사(서안동),R06907
주계분기국사(서안동),R06908
이하분기국사(서안동),R06909
감애분기국사(서안동),R06910
옹천분기국사(서안동),R06911
오산분기국사(서안동),R06912
대광분기국사(김천),R06873
아포분기국사(김천),R06874
농남분기국사(김천),R06875
부상분기국사(김천),R06876
종상분기국사(김천),R06877
개령분기국사(김천),R06878
감문분기국사(김천),R06879
남곡분기국사(김천),R06880
지좌분기국사(김천),R06882
아천분기국사(김천),R06883
덕천분기국사(김천),R06884
은척분기국사(함창),R07038
황령분기국사(함창),R07039
공검분기국사(함창),R07040
이안분기국사(함창),R07043
화남분기국사(상주),R07045
사산분기국사(상주),R07046
신전분기국사(서안동),R06913
서후분기국사(서안동),R06914
이개분기국사(서안동),R06915
풍천분기국사(서안동),R06916
기산분기국사(서안동),R06917
어담분기국사(서안동),R06918
국곡분기국사(서안동),R06920
일직분기국사(서안동),R06921
남후분기국사(서안동),R06922
고상분기국사(서안동),R06923
상아분기국사(서안동),R06924
남선분기국사(안동),R06925
천전분기국사(안동),R06926
임하분기국사(안동),R06927
본촌분기국사(영천),R06980
금호분기국사(영천),R06981
약남분기국사(영천),R06982
청통분기국사(영천),R06983
부산분기국사(영천),R06984
효곡분기국사(상주),R07020
우하분기국사(상주),R07021
외남분기국사(상주),R07022
고곡분기국사(상주),R07023
낙서분기국사(상주),R07024
모동분기국사(상주),R07025
모서분기국사(상주),R07026
백학분기국사(상주),R07027
화동분기국사(상주),R07028
보미분기국사(상주),R07029
화령분기국사(상주),R07030
하송분기국사(상주),R07031
화북분기국사(상주),R07032
입석분기국사(상주),R07033
중벌분기국사(상주),R07034
외서분기국사(상주),R07035
갈골분기국사(상주),R07036
대전분기국사(상주),R07037
신기분기국사(문경),R07047
불정분기국사(문경),R07048
당포분기국사(서문경),R07049
갈평분기국사(서문경),R07050
가은분기국사(문경),R07051
상괴분기국사(서문경),R07052
영순분기국사(문경),R07053
율곡분기국사(문경),R07054
불암분기국사(문경),R07055
선암분기국사(문경),R07056
막곡분기국사(문경),R07057
산북분기국사(문경),R07058
거산분기국사(문경),R07059
창구분기국사(문경),R07060
월천분기국사(문경),R07061
수평분기국사(문경),R07062
동로분기국사(문경),R07063
우보분기국사(군위),R07091
의흥분기국사(군위),R07092
연계분기국사(군위),R07093
삼산분기국사(군위),R07094
산성분기국사(군위),R07095
화수분기국사(군위),R07096
고로분기국사(군위),R07097
오로분기국사(의성),R07098
비봉분기국사(의성),R07099
단촌분기국사(의성),R07100
구계분기국사(의성),R07101
점곡분기국사(의성),R07102
구암분기국사(의성),R07103
옥립분기국사(의성),R07104
실업분기국사(의성),R07105
신계분기국사(의성),R07106
금학분기국사(의성),R07107
춘산분기국사(의성),R07108
가음분기국사(의성),R07109
탑리분기국사(의성),R07110
제오분기국사(의성),R07111
명덕분기국사(의성),R07112
장대분기국사(의성),R07113
화전분기국사(의성),R07114
분토분기국사(의성),R07115
비안분기국사(안계),R07116
화신분기국사(의성),R07117
단밀분기국사(안계),R07118
낙정분기국사(안계),R07119
토구분기국사(영양),R07155
청기분기국사(영양),R07156
당동분기국사(영양),R07157
용화분기국사(영양),R07158
일월분기국사(영양),R07159
오리분기국사(영양),R07161
수하분기국사(영양),R07162
수비분기국사(영양),R07163
석보분기국사(영양),R07166
요원분기국사(영양),R07167
택전분기국사(영양),R07168
유천분기국사(청도),R07193
각남분기국사(청도),R07194
풍각분기국사(청도),R07195
각북분기국사(청도),R07196
이서분기국사(청도),R07197
대곡분기국사(청도),R07198
신원분기국사(청도),R07199
봉하분기국사(청도),R07200
동곡분기국사(청도),R07201
김전분기국사(청도),R07202
소천분기국사(청도),R07203
매전분기국사(청도),R07204
호화분기국사(청도),R07205
지전분기국사(청도),R07206
관하분기국사(청도),R07207
내곡분기국사(고령),R07208
송전분기국사(용인),R05675
천리분기국사(용인),R05676
원삼분기국사(용인),R05677
좌항분기국사(용인),R05678
백봉분기국사(용인),R05679
용천분기국사(용인),R05680
화천분기국사(영양),R07151
입암분기국사(영양),R07152
금학분기국사(영양),R07153
방전분기국사(영양),R07154
갈밭분기국사(남울산),R07696
나들분기국사(남울산),R07697
구암분기국사(남울산),R07698
수창분기국사(대구),R07702
팔공분기국사(동촌),R07703
비산분기국사(북대구),R07704
동서변분기국사(동대구),R07705
금호분기국사(칠곡),R07706
서재분기국사(성서),R07707
대일분기국사(상동),R07708
하빈분기국사(성서),R07709
마정분기국사(평택),R07753
수화분기국사(남양),R07754
마도분기국사(남양),R07755
보라분기국사(신갈),R07748
두류분기국사(남대구),R08098
황금분기국사(김천),R07875
신음분기국사(김천),R07876
삼락A분기국사(김천),R07877
삼락B분기국사(김천),R07878
용문분기국사(김천),R07879
저전분기국사(서안동),R07881
사동분기국사(경산),R07884
동탄국사,R08432
부계분기국사(군위),R07885
가암분기국사(군위),R07886
사곡분기국사(의성),R07887
신리분기국사(의성),R07888
화산분기국사(청도),R07892
오신분기국사(예천),R07893
오천분기국사(예천),R07894
궁류분기국사(의령),R07912
청정분기국사(영천),R08106
신방분기국사(영천),R08108
신촌분기국사(고령),R08110
구전분기국사(영천),R08111
지천분기국사(왜관),R08113
하송분기국사(영천),R08114
자포분기국사(영천),R08115
상운분기국사(봉화),R08116
오류분기국사(영천),R08117
석전분기국사(왜관),R08409
원평분기국사(구미),R08410
제석분기국사(김천),R08411
삼호분기국사(서울산),R08417
진장분기국사(양정),R08428
태화분기국사(서울산),R08436
용소분기국사(고령),R08096
공덕분기국사(영천),R08099
봉성분기국사(봉화),R08102
석포분기국사(봉화),R08104
봉정분기국사(안계),R08105
내서국사,R00990
서수원국사,R00461
양재국사,R00454
신태인국사,R03247
도봉국사,R00451
방학국사,R00452
북수원국사,R00462
수원국사,R00459
정읍국사,R03223
